,日期,开盘,收盘,最高,最低,成交量,成交额,振幅,涨跌幅,涨跌额,换手率
0,2021-04-26,73.9,97.9,97.9,73.9,523738,4586653440.0,77.12,214.59,66.78,68.03
1,2021-04-27,96.9,85.7,96.9,84.0,301034,2778278880.0,13.18,-12.46,-12.2,39.1
2,2021-04-28,87.89,91.01,92.4,84.9,201731,1835860128.0,8.75,6.2,5.31,26.2
3,2021-04-29,89.9,91.91,95.06,87.78,145448,1363471376.0,8.0,0.99,0.9,18.89
4,2021-04-30,91.9,99.5,99.9,90.29,144976,1407406752.0,10.46,8.26,7.59,18.83
5,2021-05-06,101.79,99.9,103.28,97.28,110035,1126666656.0,6.03,0.4,0.4,14.29
6,2021-05-07,99.9,86.13,102.7,85.62,170761,1629824752.0,17.1,-13.78,-13.77,22.18
7,2021-05-10,84.2,85.4,89.78,84.2,98827,876184976.0,6.48,-0.85,-0.73,12.84
8,2021-05-11,82.9,83.55,86.53,79.9,67038,574968384.0,7.76,-2.17,-1.85,8.71
9,2021-05-12,82.9,80.06,84.47,77.69,87966,728382880.0,8.11,-4.18,-3.49,11.43
10,2021-05-13,78.61,86.0,87.78,78.26,79392,683679024.0,11.89,7.42,5.94,10.31
11,2021-05-14,86.9,86.7,88.48,84.58,56546,498423664.0,4.53,0.81,0.7,7.35
12,2021-05-17,85.9,92.3,93.29,85.79,77251,708675472.0,8.65,6.46,5.6,10.03
13,2021-05-18,91.21,92.58,95.2,90.28,45181,427948976.0,5.33,0.3,0.28,5.87
14,2021-05-19,91.71,91.28,93.85,89.24,39096,365310832.0,4.98,-1.4,-1.3,5.08
15,2021-05-20,91.4,89.9,93.5,89.28,42955,401261856.0,4.62,-1.51,-1.38,5.58
16,2021-05-21,90.4,88.4,91.88,87.35,37643,344754400.0,5.04,-1.67,-1.5,4.89
17,2021-05-24,88.71,87.1,89.56,84.9,40940,366466336.0,5.27,-1.47,-1.3,5.32
18,2021-05-25,86.91,92.7,92.9,86.26,54925,505246224.0,7.62,6.43,5.6,7.13
19,2021-05-26,92.9,93.66,96.69,91.5,50114,483241216.0,5.6,1.04,0.96,6.51
20,2021-05-27,94.3,93.18,94.4,90.68,32015,302354096.0,3.97,-0.51,-0.48,4.16
21,2021-05-28,92.7,92.86,95.64,91.78,27256,260035899.0,4.14,-0.34,-0.32,3.54
22,2021-05-31,88.9,90.06,92.28,88.0,47767,439404896.0,4.61,-3.02,-2.8,6.2
23,2021-06-01,90.1,90.4,91.29,88.51,31726,292671104.0,3.09,0.38,0.34,4.12
24,2021-06-02,90.2,87.68,90.49,86.78,25782,233256880.0,4.1,-3.01,-2.72,3.35
25,2021-06-03,87.4,87.65,88.85,84.91,17751,159295123.0,4.49,-0.03,-0.03,2.31
26,2021-06-04,87.4,86.4,88.72,85.58,21820,194662305.0,3.58,-1.43,-1.25,2.83
27,2021-06-07,86.41,93.39,93.89,86.08,47891,447682832.0,9.04,8.09,6.99,6.22
28,2021-06-08,92.91,94.09,94.9,90.9,31112,296189648.0,4.28,0.75,0.7,4.04
29,2021-06-09,94.06,98.9,102.87,94.06,54821,557688272.0,9.36,5.11,4.81,7.12
30,2021-06-10,98.9,100.9,102.72,98.0,34729,356114432.0,4.77,2.02,2.0,4.51
31,2021-06-11,100.17,97.86,104.56,96.9,35296,360706016.0,7.59,-3.01,-3.04,4.58
32,2021-06-15,97.95,97.61,101.82,96.32,26564,266942531.0,5.62,-0.26,-0.25,3.45
33,2021-06-16,97.4,90.24,98.2,89.25,35167,334783712.0,9.17,-7.55,-7.37,4.57
34,2021-06-17,90.9,95.87,98.25,90.48,39763,386592320.0,8.61,6.24,5.63,5.17
35,2021-06-18,95.9,97.68,99.08,94.6,24879,245612670.0,4.67,1.89,1.81,3.23
36,2021-06-21,96.92,99.97,100.9,93.18,39336,391517520.0,7.9,2.34,2.29,5.11
37,2021-06-22,100.01,100.69,101.4,98.48,19598,200027541.0,2.92,0.72,0.72,2.55
38,2021-06-23,101.48,98.49,101.48,97.78,19302,194851939.0,3.67,-2.18,-2.2,2.51
39,2021-06-24,97.92,99.4,103.19,96.82,28007,287205680.0,6.47,0.92,0.91,3.64
40,2021-06-25,101.01,97.5,102.76,96.4,23804,238817017.0,6.4,-1.91,-1.9,3.09
41,2021-06-28,101.41,106.7,110.4,100.9,46179,495645760.0,9.74,9.44,9.2,6.0
42,2021-06-29,105.96,111.88,113.11,105.96,42877,482932000.0,6.7,4.85,5.18,5.57
43,2021-06-30,111.4,111.8,112.45,109.33,30978,349984256.0,2.79,-0.07,-0.08,3.94
44,2021-07-01,110.89,110.72,114.4,109.46,34037,387910432.0,4.42,-0.97,-1.08,4.32
45,2021-07-02,111.4,113.0,115.4,109.02,32045,368346432.0,5.76,2.06,2.28,4.07
46,2021-07-05,110.9,107.75,110.9,106.2,38485,424942480.0,4.16,-4.65,-5.25,4.89
47,2021-07-06,108.05,104.0,109.5,102.08,29357,315493568.0,6.89,-3.48,-3.75,3.73
48,2021-07-07,103.47,107.7,108.25,103.08,29538,320367168.0,4.97,3.56,3.7,3.75
49,2021-07-08,107.7,103.9,107.7,99.4,40612,426326016.0,7.71,-3.53,-3.8,5.16
50,2021-07-09,101.96,97.95,102.38,96.9,33586,340818112.0,5.27,-5.73,-5.95,4.27
51,2021-07-12,98.69,102.85,103.75,95.5,32048,329599456.0,8.42,5.0,4.9,4.07
52,2021-07-13,102.5,103.7,104.36,99.91,19342,201569770.0,4.33,0.83,0.85,2.46
53,2021-07-14,103.76,103.15,106.68,102.69,16247,172807966.0,3.85,-0.53,-0.55,2.06
54,2021-07-15,101.38,101.51,104.06,99.99,9842,101950929.0,3.95,-1.59,-1.64,1.25
55,2021-07-16,101.5,97.86,101.51,96.18,20805,209442079.0,5.25,-3.6,-3.65,2.64
56,2021-07-19,97.92,100.7,103.89,96.91,21009,217846801.0,7.13,2.9,2.84,2.67
57,2021-07-20,99.81,100.72,101.44,99.41,9009,92431663.0,2.02,0.02,0.02,1.14
58,2021-07-21,101.4,98.6,103.8,98.0,14580,148745178.0,5.76,-2.1,-2.12,1.85
59,2021-07-22,97.9,97.88,100.9,97.78,11601,117165030.0,3.16,-0.73,-0.72,1.47
60,2021-07-23,97.4,91.12,97.5,88.1,38199,356127856.0,9.6,-6.91,-6.76,4.85
61,2021-07-26,90.05,90.75,92.89,88.4,19040,176629819.0,4.93,-0.41,-0.37,2.42
62,2021-07-27,89.81,86.9,90.75,84.91,24288,216926041.0,6.44,-4.24,-3.85,3.09
63,2021-07-28,85.78,88.92,89.89,82.3,22056,197206956.0,8.73,2.32,2.02,2.8
64,2021-07-29,96.38,92.07,96.7,90.91,19471,185921059.0,6.51,3.54,3.15,2.47
65,2021-07-30,93.1,89.42,93.76,89.41,19655,183604487.0,4.72,-2.88,-2.65,2.5
66,2021-08-02,88.91,92.65,93.77,88.56,25596,242057722.0,5.83,3.61,3.23,3.25
67,2021-08-03,92.62,91.36,94.36,90.63,16642,156392865.0,4.03,-1.39,-1.29,2.11
68,2021-08-04,97.4,97.4,99.49,94.47,38641,383559968.0,5.49,6.61,6.04,4.91
69,2021-08-05,94.9,97.4,97.7,90.91,31612,303446592.0,6.97,0.0,0.0,4.02
70,2021-08-06,96.1,94.7,96.1,94.03,12914,125617086.0,2.13,-2.77,-2.7,1.64
71,2021-08-09,94.2,93.31,94.58,91.8,16157,154093768.0,2.94,-1.47,-1.39,2.05
72,2021-08-10,92.93,91.53,94.18,89.66,18772,175800775.0,4.84,-1.91,-1.78,2.39
73,2021-08-11,91.69,92.5,93.46,91.18,10474,98973545.0,2.49,1.06,0.97,1.33
74,2021-08-12,92.49,89.7,92.5,89.7,11409,105881941.0,3.03,-3.03,-2.8,1.45
75,2021-08-13,89.7,86.25,90.65,86.11,13798,123531605.0,5.06,-3.85,-3.45,1.75
76,2021-08-16,86.41,89.71,91.23,85.55,10539,96293929.0,6.59,4.01,3.46,1.34
77,2021-08-17,89.32,84.91,89.72,84.58,10499,93210296.0,5.73,-5.35,-4.8,1.33
78,2021-08-18,84.53,85.1,85.72,82.34,13344,114583414.0,3.98,0.22,0.19,1.7
79,2021-08-19,83.71,87.94,88.06,83.71,10290,91198923.0,5.11,3.34,2.84,1.31
80,2021-08-20,87.75,89.0,90.59,87.34,17523,160125374.0,3.7,1.21,1.06,2.23
81,2021-08-23,89.01,88.3,89.88,86.9,11041,100010454.0,3.35,-0.79,-0.7,1.4
82,2021-08-24,87.9,86.34,89.0,86.3,11748,104882200.0,3.06,-2.22,-1.96,1.49
83,2021-08-25,86.58,85.69,87.2,84.99,8937,78566531.0,2.56,-0.75,-0.65,1.14
84,2021-08-26,85.38,83.3,85.38,82.3,16736,142916601.0,3.59,-2.79,-2.39,2.13
85,2021-08-27,83.31,81.17,84.08,81.17,14719,124049894.0,3.49,-2.56,-2.13,1.87
86,2021-08-30,80.9,81.38,82.25,80.59,11754,97899112.0,2.05,0.26,0.21,1.49
87,2021-08-31,81.88,79.23,81.88,78.7,15410,125579893.0,3.91,-2.64,-2.15,1.96
88,2021-09-01,79.04,83.46,84.1,78.1,17332,145408635.0,7.57,5.34,4.23,2.2
89,2021-09-02,82.72,82.2,85.42,81.9,12217,104377267.0,4.22,-1.51,-1.26,1.55
90,2021-09-03,81.02,84.0,85.11,80.9,10556,90331658.0,5.12,2.19,1.8,1.34
91,2021-09-06,83.9,86.25,87.9,83.01,12442,109861112.0,5.82,2.68,2.25,1.58
92,2021-09-07,86.26,85.08,87.28,84.58,6960,60762291.0,3.13,-1.36,-1.17,0.88
93,2021-09-08,85.85,85.57,86.2,84.27,5739,50139520.0,2.27,0.58,0.49,0.73
94,2021-09-09,85.36,80.4,86.36,79.9,14676,123593184.0,7.55,-6.04,-5.17,1.86
95,2021-09-10,80.88,80.93,81.95,80.01,9575,79797513.0,2.41,0.66,0.53,1.22
96,2021-09-13,81.44,79.87,81.44,77.7,13731,111344514.0,4.62,-1.31,-1.06,1.74
97,2021-09-14,80.83,83.7,85.09,80.52,19335,166177934.0,5.72,4.8,3.83,2.46
98,2021-09-15,83.72,81.08,84.9,78.32,17024,140804511.0,7.86,-3.13,-2.62,2.16
99,2021-09-16,81.13,85.61,86.24,81.13,17097,147202884.0,6.3,5.59,4.53,2.17
100,2021-09-17,85.2,89.03,89.85,83.4,21532,190055779.0,7.53,3.99,3.42,2.74
101,2021-09-22,87.5,87.61,89.7,86.32,8281,73320363.0,3.8,-1.59,-1.42,1.05
102,2021-09-23,86.5,83.92,87.9,83.59,14042,121081134.0,4.92,-4.21,-3.69,1.78
103,2021-09-24,84.36,85.29,85.87,82.15,8244,70512697.0,4.43,1.63,1.37,1.05
104,2021-09-27,85.38,87.8,88.89,84.7,13130,115966212.0,4.91,2.94,2.51,1.67
105,2021-09-28,87.37,86.83,88.4,84.9,6567,57697619.0,3.99,-1.1,-0.97,0.83
106,2021-09-29,85.56,85.5,88.44,85.33,6115,53737696.0,3.58,-1.53,-1.33,0.78
107,2021-09-30,85.91,87.32,88.8,85.6,5529,49000141.0,3.74,2.13,1.82,0.7
108,2021-10-08,89.29,91.38,91.59,87.2,11177,102333998.0,5.03,4.65,4.06,1.42
109,2021-10-11,91.04,94.15,95.2,90.93,15180,144615828.0,4.67,3.03,2.77,1.93
110,2021-10-12,94.79,90.93,95.19,89.9,10215,95091488.0,5.62,-3.42,-3.22,1.3
111,2021-10-13,90.55,89.9,93.8,89.8,9345,86990155.0,4.4,-1.13,-1.03,1.19
112,2021-10-14,90.8,89.95,91.44,89.05,10998,100500420.0,2.66,0.06,0.05,1.4
113,2021-10-15,89.28,92.89,93.45,88.33,11483,107029849.0,5.69,3.27,2.94,1.46
114,2021-10-18,92.3,88.9,92.3,87.56,12243,110762508.0,5.1,-4.3,-3.99,1.56
115,2021-10-19,89.8,87.03,89.8,86.48,11874,105284159.0,3.73,-2.1,-1.87,1.51
116,2021-10-20,86.9,84.67,87.9,83.42,12857,110216152.0,5.15,-2.71,-2.36,1.63
117,2021-10-21,83.98,85.99,86.2,83.98,5526,47709443.0,2.62,1.56,1.32,0.7
118,2021-10-22,84.78,87.0,87.2,84.78,5492,48111479.0,2.81,1.17,1.01,0.7
119,2021-10-25,86.34,81.91,86.34,79.43,28330,234734273.0,7.94,-5.85,-5.09,3.6
120,2021-10-26,79.86,76.44,80.9,75.68,51755,404255552.0,6.37,-6.68,-5.47,6.19
121,2021-10-27,77.28,81.35,82.28,76.9,34249,279079088.0,7.04,6.42,4.91,4.1
122,2021-10-28,81.85,85.01,86.39,81.4,21465,183975504.0,6.13,4.5,3.66,2.57
123,2021-10-29,85.4,84.3,85.9,83.25,11108,95077079.0,3.12,-0.84,-0.71,1.33
124,2021-11-01,84.04,87.45,88.32,82.9,21485,186997845.0,6.43,3.74,3.15,2.57
125,2021-11-02,88.4,89.91,90.95,86.9,23945,216039429.0,4.63,2.81,2.46,2.86
126,2021-11-03,88.54,89.78,91.9,88.0,8691,78893004.0,4.34,-0.14,-0.13,1.04
127,2021-11-04,89.6,92.41,93.22,88.9,13336,124041374.0,4.81,2.93,2.63,1.6
128,2021-11-05,92.02,91.82,93.85,91.39,10713,100420773.0,2.66,-0.64,-0.59,1.28
129,2021-11-08,91.8,91.07,93.86,90.13,18003,166182814.0,4.06,-0.82,-0.75,2.15
130,2021-11-09,90.48,91.0,93.05,90.21,11184,102944718.0,3.12,-0.08,-0.07,1.34
131,2021-11-10,91.32,89.64,91.32,89.08,11479,104161870.0,2.46,-1.49,-1.36,1.37
132,2021-11-11,89.59,92.58,93.0,89.14,12407,115881912.0,4.31,3.28,2.94,1.48
133,2021-11-12,91.58,91.27,92.6,90.49,7179,66504494.0,2.28,-1.41,-1.31,0.86
134,2021-11-15,92.4,93.74,94.5,90.41,8412,79192333.0,4.48,2.71,2.47,1.01
135,2021-11-16,92.92,93.18,94.86,92.04,8642,81802637.0,3.01,-0.6,-0.56,1.03
136,2021-11-17,93.21,92.52,95.18,91.27,7731,72538007.0,4.2,-0.71,-0.66,0.92
137,2021-11-18,91.58,90.27,92.18,90.05,8062,74203587.0,2.3,-2.43,-2.25,0.96
138,2021-11-19,90.9,93.9,94.26,89.8,10509,98891549.0,4.94,4.02,3.63,1.26
139,2021-11-22,94.21,90.82,94.46,90.28,13260,122393100.0,4.45,-3.28,-3.08,1.59
140,2021-11-23,90.9,90.18,91.89,89.72,8106,74218849.0,2.39,-0.7,-0.64,0.97
141,2021-11-24,90.08,94.3,95.2,89.6,13853,131085076.0,6.21,4.57,4.12,1.66
142,2021-11-25,94.9,93.4,95.5,92.6,5714,53926506.0,3.08,-0.95,-0.9,0.68
143,2021-11-26,93.23,91.47,93.4,91.43,5829,54300108.0,2.11,-2.07,-1.93,0.7
144,2021-11-29,90.25,89.9,90.41,89.28,10719,97449888.0,1.24,-1.72,-1.57,1.28
145,2021-11-30,90.3,87.02,90.75,86.41,12079,107836810.0,4.83,-3.2,-2.88,1.45
146,2021-12-01,87.2,87.05,88.3,86.2,5897,52010266.0,2.41,0.03,0.03,0.71
147,2021-12-02,86.78,86.06,87.38,84.78,8203,71110119.0,2.99,-1.14,-0.99,0.98
148,2021-12-03,85.67,85.44,87.2,85.21,8136,70792813.0,2.31,-0.72,-0.62,0.97
149,2021-12-06,85.86,81.27,86.88,80.95,17355,144835027.0,6.94,-4.88,-4.17,2.08
150,2021-12-07,82.08,83.7,85.5,81.45,16432,139463339.0,4.98,2.99,2.43,1.97
151,2021-12-08,83.9,85.7,86.28,83.17,8069,69622922.0,3.72,2.39,2.0,0.97
152,2021-12-09,85.39,89.75,90.88,84.9,16645,149279706.0,6.98,4.73,4.05,1.99
153,2021-12-10,89.2,90.83,91.2,88.0,13339,121811374.0,3.57,1.2,1.08,1.6
154,2021-12-13,90.9,91.27,92.78,90.0,12758,118352997.0,3.06,0.48,0.44,1.53
155,2021-12-14,91.28,89.21,91.29,88.26,11803,106603020.0,3.32,-2.26,-2.06,1.41
156,2021-12-15,89.21,85.63,89.3,85.19,10753,94534897.0,4.61,-4.01,-3.58,1.29
157,2021-12-16,85.51,87.07,88.47,85.3,8825,77649169.0,3.7,1.68,1.44,1.06
158,2021-12-17,86.9,86.66,88.38,84.8,8420,73632418.0,4.11,-0.47,-0.41,1.01
159,2021-12-20,85.9,83.35,86.61,83.13,7187,61486234.0,4.02,-3.82,-3.31,0.86
160,2021-12-21,83.72,85.38,86.67,83.38,5201,44894766.0,3.95,2.44,2.03,0.62
161,2021-12-22,85.9,86.91,87.3,85.0,4922,43258635.0,2.69,1.79,1.53,0.59
162,2021-12-23,86.39,86.9,87.78,85.68,5984,52559020.0,2.42,-0.01,-0.01,0.72
163,2021-12-24,87.5,86.33,87.5,85.91,5180,45243103.0,1.83,-0.66,-0.57,0.62
164,2021-12-27,85.33,83.44,86.17,82.38,20484,173764957.0,4.39,-3.35,-2.89,2.45
165,2021-12-28,83.28,83.43,84.7,82.1,8854,74639368.0,3.12,-0.01,-0.01,1.06
166,2021-12-29,83.4,83.46,84.7,82.52,9603,81406661.0,2.61,0.04,0.03,1.15
167,2021-12-30,83.47,87.9,91.15,83.03,21247,188827545.0,9.73,5.32,4.44,2.54
168,2021-12-31,87.7,87.95,91.4,87.42,10581,95607412.0,4.53,0.06,0.05,1.27
169,2022-01-04,87.9,85.93,89.1,83.41,13776,119601359.0,6.47,-2.3,-2.02,1.65
170,2022-01-05,86.25,84.45,86.88,83.93,7456,64004182.0,3.43,-1.72,-1.48,0.89
171,2022-01-06,84.45,84.53,85.78,83.58,9661,82640402.0,2.61,0.09,0.08,1.16
172,2022-01-07,84.51,84.0,85.28,83.28,6190,52796426.0,2.37,-0.63,-0.53,0.74
173,2022-01-10,84.01,85.01,88.89,83.6,16861,147099018.0,6.3,1.2,1.01,2.02
174,2022-01-11,84.69,84.97,85.58,84.2,6700,57659897.0,1.62,-0.05,-0.04,0.8
175,2022-01-12,84.69,85.24,85.78,83.5,8754,75081166.0,2.68,0.32,0.27,1.05
176,2022-01-13,85.55,83.53,85.55,83.42,5140,43743269.0,2.5,-2.01,-1.71,0.62
177,2022-01-14,82.84,82.09,83.38,81.9,6399,53315458.0,1.77,-1.72,-1.44,0.77
178,2022-01-17,81.78,82.04,82.4,78.4,19368,157416457.0,4.87,-0.06,-0.05,2.32
179,2022-01-18,82.04,80.4,82.19,79.68,7027,57627568.0,3.06,-2.0,-1.64,0.84
180,2022-01-19,80.89,83.3,83.45,79.31,15923,132267599.0,5.15,3.61,2.9,1.91
181,2022-01-20,82.9,82.78,83.83,81.56,7448,62469815.0,2.73,-0.62,-0.52,0.89
182,2022-01-21,83.05,81.11,83.19,80.45,7750,64279588.0,3.31,-2.02,-1.67,0.93
183,2022-01-24,81.21,83.74,84.4,80.28,11878,99992910.0,5.08,3.24,2.63,1.42
184,2022-01-25,83.72,80.5,84.15,80.2,5854,48430235.0,4.72,-3.87,-3.24,0.7
185,2022-01-26,80.58,80.93,81.47,79.2,5514,45069759.0,2.82,0.53,0.43,0.66
186,2022-01-27,83.56,82.5,84.89,81.9,10354,87204833.0,3.69,1.94,1.57,1.24
187,2022-01-28,83.89,86.35,88.15,81.95,20530,179240144.0,7.52,4.67,3.85,2.46
188,2022-02-07,87.11,87.0,88.59,86.11,9039,79646717.0,2.87,0.75,0.65,1.08
189,2022-02-08,86.68,84.98,87.33,83.71,11355,97644087.0,4.16,-2.32,-2.02,1.36
190,2022-02-09,85.03,84.91,85.56,83.52,9652,82635961.0,2.4,-0.08,-0.07,1.16
191,2022-02-10,84.47,83.79,85.3,83.62,7522,64211312.0,1.98,-1.32,-1.12,0.9
192,2022-02-11,83.4,81.67,84.98,81.6,7962,66912353.0,4.03,-2.53,-2.12,0.95
193,2022-02-14,81.42,81.08,82.0,80.47,7449,61296529.0,1.87,-0.72,-0.59,0.89
194,2022-02-15,81.41,81.44,81.9,80.11,9484,77998482.0,2.21,0.44,0.36,1.14
195,2022-02-16,81.41,82.52,82.6,80.96,9713,80520905.0,2.01,1.33,1.08,1.16
196,2022-02-17,81.89,80.2,82.52,79.95,8936,73139899.0,3.11,-2.81,-2.32,1.07
197,2022-02-18,80.0,80.19,80.97,79.7,4276,34760338.0,1.58,-0.01,-0.01,0.51
198,2022-02-21,80.7,81.82,81.98,79.9,11536,94410963.0,2.59,2.03,1.63,1.38
199,2022-02-22,81.79,80.38,81.79,79.9,5830,47578232.0,2.31,-1.76,-1.44,0.7
200,2022-02-23,80.45,80.35,80.87,79.93,7202,58557207.0,1.17,-0.04,-0.03,0.86
201,2022-02-24,79.95,78.91,80.31,78.56,10722,86236380.0,2.18,-1.79,-1.44,1.29
202,2022-02-25,79.0,79.86,80.18,79.0,5103,41263825.0,1.5,1.2,0.95,0.61
203,2022-02-28,80.31,80.97,81.49,79.02,9333,76188684.0,3.09,1.39,1.11,1.12
204,2022-03-01,80.8,81.89,82.4,80.15,7647,63158106.0,2.78,1.14,0.92,0.92
205,2022-03-02,81.86,85.28,86.26,81.09,16369,140169817.0,6.31,4.14,3.39,1.96
206,2022-03-03,85.59,80.1,85.59,79.62,17792,146625477.0,7.0,-6.07,-5.18,2.13
207,2022-03-04,79.92,83.66,84.3,79.92,13994,117467312.0,5.47,4.44,3.56,1.68
208,2022-03-07,83.66,81.07,83.66,81.01,10351,86159291.0,3.17,-3.1,-2.59,1.24
209,2022-03-08,81.4,77.78,82.86,77.7,13689,110525840.0,6.36,-4.06,-3.29,1.64
210,2022-03-09,77.71,73.68,78.42,71.11,16589,124776960.0,9.4,-5.27,-4.1,1.99
211,2022-03-10,74.9,71.95,75.37,71.3,15082,111261839.0,5.52,-2.35,-1.73,1.81
212,2022-03-11,70.9,70.1,70.9,68.15,22894,160713826.0,3.82,-2.57,-1.85,2.74
213,2022-03-14,69.15,66.4,69.39,65.89,16984,115735573.0,4.99,-5.28,-3.7,2.04
214,2022-03-15,65.89,62.58,65.89,61.7,19320,124712799.0,6.31,-5.75,-3.82,2.32
215,2022-03-16,63.37,64.95,65.25,61.24,16459,106194762.0,6.41,3.79,2.37,1.97
216,2022-03-17,66.37,69.29,69.91,65.49,18523,127871220.0,6.81,6.68,4.34,2.22
217,2022-03-18,68.87,69.9,70.15,66.63,11970,83628985.0,5.08,0.88,0.61,1.43
218,2022-03-21,70.0,69.6,71.15,68.25,9595,67893919.0,4.15,-0.43,-0.3,1.15
219,2022-03-22,69.29,75.0,75.7,68.88,16658,123986225.0,9.8,7.76,5.4,2.0
220,2022-03-23,75.0,75.0,77.1,73.78,9131,69669408.0,4.43,0.0,0.0,1.09
221,2022-03-24,74.0,74.7,75.79,73.71,6185,46782002.0,2.77,-0.4,-0.3,0.74
222,2022-03-25,74.62,73.05,76.34,72.4,7543,56278466.0,5.27,-2.21,-1.65,0.9
223,2022-03-28,72.9,72.89,73.84,71.17,6554,48357392.0,3.66,-0.22,-0.16,0.79
224,2022-03-29,72.79,72.11,73.13,72.05,2942,21671179.0,1.48,-1.07,-0.78,0.35
225,2022-03-30,72.89,73.66,74.05,71.62,4978,36753579.0,3.37,2.15,1.55,0.6
226,2022-03-31,73.65,71.58,74.89,71.42,5431,40135256.0,4.71,-2.82,-2.08,0.65
227,2022-04-01,71.62,73.16,73.9,70.21,7267,53206651.0,5.16,2.21,1.58,0.87
228,2022-04-06,73.12,71.61,73.12,71.31,3482,25441739.0,2.47,-2.12,-1.55,0.42
229,2022-04-07,71.6,70.68,72.7,70.3,2450,17713326.0,3.35,-1.3,-0.93,0.29
230,2022-04-08,71.06,72.88,73.69,70.34,9887,73091439.0,4.74,3.11,2.2,1.18
231,2022-04-11,72.49,70.12,72.7,69.93,5586,40297773.0,3.8,-3.79,-2.76,0.67
232,2022-04-12,69.65,70.9,71.9,68.32,6552,46470015.0,5.11,1.11,0.78,0.79
233,2022-04-13,71.04,70.39,71.08,68.8,5262,37335324.0,3.22,-0.72,-0.51,0.63
234,2022-04-14,70.96,73.35,73.68,69.91,4584,33790011.0,5.36,4.21,2.96,0.55
235,2022-04-15,73.35,69.0,73.6,68.39,8613,61357023.0,7.1,-5.93,-4.35,1.03
236,2022-04-18,69.7,69.23,70.4,67.91,3073,21560882.0,3.61,0.33,0.23,0.37
237,2022-04-19,69.45,67.86,69.54,67.2,6375,44170934.0,3.38,-1.98,-1.37,0.76
238,2022-04-20,67.86,68.53,70.14,67.47,4724,33153865.0,3.93,0.99,0.67,0.57
239,2022-04-21,68.53,66.61,71.4,66.42,6238,43351853.0,7.27,-2.8,-1.92,0.76
240,2022-04-22,66.6,67.88,68.79,65.42,7979,54442547.0,5.06,1.91,1.27,0.97
241,2022-04-25,67.85,66.4,67.85,64.76,11560,77992118.0,4.55,-2.18,-1.48,1.41
242,2022-04-26,67.3,62.4,67.58,61.98,10834,71281124.0,8.43,-6.02,-4.0,0.74
243,2022-04-27,61.9,66.22,66.9,61.1,9249,60718362.0,9.29,6.12,3.82,0.63
244,2022-04-28,64.92,67.45,68.9,64.3,13857,94570910.0,6.95,1.86,1.23,0.95
245,2022-04-29,67.0,67.62,69.88,66.4,16675,115167775.0,5.16,0.25,0.17,1.14
246,2022-05-05,67.58,68.9,70.21,66.91,14651,102790949.0,4.88,1.89,1.28,1.0
247,2022-05-06,67.91,72.9,73.01,66.91,16698,121065898.0,8.85,5.81,4.0,1.14
248,2022-05-09,72.39,73.17,74.4,71.21,13261,98100754.0,4.38,0.37,0.27,0.91
249,2022-05-10,73.9,75.28,76.1,71.47,18295,137112404.0,6.33,2.88,2.11,1.25
250,2022-05-11,75.9,74.8,76.72,74.24,16088,123259746.0,3.29,-0.64,-0.48,1.1
251,2022-05-12,74.42,76.33,76.79,73.42,10778,82414990.0,4.51,2.05,1.53,0.74
252,2022-05-13,75.78,75.04,76.67,74.05,6976,53359181.0,3.43,-1.69,-1.29,0.48
253,2022-05-16,75.35,74.7,76.34,74.4,8435,64246827.0,2.59,-0.45,-0.34,0.58
254,2022-05-17,74.3,76.52,77.1,74.0,15692,119061118.0,4.15,2.44,1.82,1.07
255,2022-05-18,75.94,76.4,78.08,75.7,8538,65682253.0,3.11,-0.16,-0.12,0.58
256,2022-05-19,76.07,78.0,78.5,76.0,11234,87013551.0,3.27,2.09,1.6,0.77
257,2022-05-20,78.0,78.15,78.7,76.0,13753,106379683.0,3.46,0.19,0.15,0.94
258,2022-05-23,78.15,77.21,78.28,76.07,9683,74826404.0,2.83,-1.2,-0.94,0.66
259,2022-05-24,77.21,77.0,78.65,76.3,14455,111342020.0,3.04,-0.27,-0.21,0.99
260,2022-05-25,76.52,75.16,76.98,74.88,8886,67290333.0,2.73,-2.39,-1.84,0.61
261,2022-05-26,75.16,76.19,76.6,74.58,17978,135988302.0,2.69,1.37,1.03,1.23
262,2022-05-27,75.2,77.39,78.26,75.2,13240,102415001.0,4.02,1.58,1.2,0.91
263,2022-05-30,78.16,74.48,78.19,74.28,11736,88560224.0,5.05,-3.76,-2.91,0.8
264,2022-05-31,75.5,76.33,77.49,73.6,25161,190982843.0,5.22,2.48,1.85,1.72
265,2022-06-01,75.93,75.09,76.8,74.6,13818,104626537.0,2.88,-1.62,-1.24,0.95
266,2022-06-02,75.09,75.0,75.76,73.62,11519,86038990.0,2.85,-0.12,-0.09,0.79
267,2022-06-06,75.12,76.26,76.79,74.21,11989,90850425.0,3.44,1.68,1.26,0.82
268,2022-06-07,76.54,76.35,77.17,75.32,11553,87911245.0,2.43,0.12,0.09,0.79
269,2022-06-08,76.51,76.0,76.58,75.0,7693,58324084.0,2.07,-0.46,-0.35,0.53
270,2022-06-09,76.09,74.3,76.09,74.2,9876,73955799.0,2.49,-2.24,-1.7,0.68
271,2022-06-10,74.0,74.6,75.49,72.92,35979,266739580.0,3.46,0.4,0.3,2.46
272,2022-06-13,74.3,72.67,75.01,71.41,20097,145995461.0,4.83,-2.59,-1.93,1.38
273,2022-06-14,72.3,74.41,74.47,72.3,14860,109328806.0,2.99,2.39,1.74,1.02
274,2022-06-15,74.65,76.2,76.88,74.03,8457,64270414.0,3.83,2.41,1.79,0.58
275,2022-06-16,76.32,74.46,76.32,74.46,10592,79751193.0,2.44,-2.28,-1.74,0.73
276,2022-06-17,74.49,74.49,75.43,73.92,6736,50280466.0,2.03,0.04,0.03,0.46
277,2022-06-20,74.97,76.01,76.47,74.22,7508,56692239.0,3.02,2.04,1.52,0.51
278,2022-06-21,75.26,75.8,78.2,75.26,15964,122327509.0,3.87,-0.28,-0.21,1.09
279,2022-06-22,76.18,73.79,76.3,72.81,11998,88424699.0,4.6,-2.65,-2.01,0.82
280,2022-06-23,73.77,73.32,74.6,73.02,6558,48283160.0,2.14,-0.64,-0.47,0.45
281,2022-06-24,73.3,76.75,78.5,73.3,19361,148312078.0,7.09,4.68,3.43,1.33
282,2022-06-27,77.04,74.71,77.29,74.33,16684,125445028.0,3.86,-2.66,-2.04,1.14
283,2022-06-28,74.45,72.27,75.0,72.03,15950,116129361.0,3.98,-3.27,-2.44,1.09
284,2022-06-29,72.6,70.27,73.49,69.33,14225,101192174.0,5.76,-2.77,-2.0,0.97
285,2022-06-30,70.02,73.08,73.94,70.02,18773,136468991.0,5.58,4.0,2.81,1.29
286,2022-07-01,73.0,68.04,73.0,67.45,33839,233608668.0,7.59,-6.9,-5.04,2.32
287,2022-07-04,68.08,72.21,72.26,67.62,28905,204950001.0,6.82,6.13,4.17,1.98
288,2022-07-05,72.6,72.37,73.8,71.33,16197,117278358.0,3.42,0.22,0.16,1.11
289,2022-07-06,71.61,71.0,72.76,70.2,15736,111338576.0,3.54,-1.89,-1.37,1.08
290,2022-07-07,71.2,70.19,71.7,70.02,7441,52599852.0,2.37,-1.14,-0.81,0.51
291,2022-07-08,70.54,69.08,71.0,68.77,8337,57845055.0,3.18,-1.58,-1.11,0.57
292,2022-07-11,69.14,66.45,69.28,65.65,18375,122233182.0,5.25,-3.81,-2.63,1.26
293,2022-07-12,66.13,66.34,67.62,66.03,11561,77273456.0,2.39,-0.17,-0.11,0.79
294,2022-07-13,66.05,66.97,68.38,65.42,10693,71561425.0,4.46,0.95,0.63,0.73
295,2022-07-14,66.99,65.93,67.36,65.8,10333,68403287.0,2.33,-1.55,-1.04,0.71
296,2022-07-15,65.65,65.88,67.73,65.1,11905,79134610.0,3.99,-0.08,-0.05,0.81
297,2022-07-18,65.88,66.05,67.02,65.35,10106,66654911.0,2.53,0.26,0.17,0.69
298,2022-07-19,65.8,64.34,66.02,64.09,16596,107311373.0,2.92,-2.59,-1.71,1.14
299,2022-07-20,64.9,64.4,65.55,63.99,19158,123588946.0,2.42,0.09,0.06,1.31
300,2022-07-21,64.6,66.11,66.93,64.38,17172,113259130.0,3.96,2.66,1.71,1.18
301,2022-07-22,65.6,63.37,66.52,62.9,19142,122291438.0,5.48,-4.14,-2.74,1.31
302,2022-07-25,63.5,64.87,65.17,62.64,14483,93294324.0,3.99,2.37,1.5,0.99
303,2022-07-26,64.68,62.58,65.1,62.05,25063,157451567.0,4.7,-3.53,-2.29,1.72
304,2022-07-27,62.58,63.45,65.32,62.0,26948,169897537.0,5.31,1.39,0.87,1.84
305,2022-07-28,63.91,62.17,64.5,61.88,35397,221547632.0,4.13,-2.02,-1.28,2.42
306,2022-07-29,62.31,58.98,62.4,58.5,37035,221816263.0,6.27,-5.13,-3.19,2.54
307,2022-08-01,58.96,60.5,60.92,58.69,35266,212184091.0,3.78,2.58,1.52,2.41
308,2022-08-02,60.02,57.35,60.02,56.77,39980,230890133.0,5.37,-5.21,-3.15,2.74
309,2022-08-03,56.67,56.45,57.66,56.41,26242,149381809.0,2.18,-1.57,-0.9,1.8
310,2022-08-04,57.34,56.08,57.34,55.23,21450,119915348.0,3.74,-0.66,-0.37,1.47
311,2022-08-05,56.2,58.75,58.77,56.06,33737,194033552.0,4.83,4.76,2.67,2.31
312,2022-08-08,58.3,59.31,59.51,58.01,19667,115875574.0,2.55,0.95,0.56,1.35
313,2022-08-09,59.37,60.01,60.2,58.97,20466,122117851.0,2.07,1.18,0.7,1.4
314,2022-08-10,60.0,59.72,61.28,59.61,18270,110461055.0,2.78,-0.48,-0.29,1.25
315,2022-08-11,60.0,60.13,60.65,59.0,14433,86478326.0,2.76,0.69,0.41,0.99
316,2022-08-12,60.35,60.89,61.3,59.5,16236,98530161.0,2.99,1.26,0.76,1.11
317,2022-08-15,60.45,59.75,60.89,59.56,17391,104321796.0,2.18,-1.87,-1.14,1.19
318,2022-08-16,60.01,59.7,61.79,59.58,16987,102610629.0,3.7,-0.08,-0.05,1.16
319,2022-08-17,59.93,60.44,60.84,59.4,12081,72806688.0,2.41,1.24,0.74,0.83
320,2022-08-18,61.11,59.43,62.7,59.01,32382,195593215.0,6.11,-1.67,-1.01,2.22
321,2022-08-19,59.61,58.94,60.46,58.81,19833,118225441.0,2.78,-0.82,-0.49,1.36
322,2022-08-22,58.66,58.91,59.07,57.58,14784,86629836.0,2.53,-0.05,-0.03,1.01
323,2022-08-23,58.52,57.85,59.23,56.93,27191,156410732.0,3.9,-1.8,-1.06,1.86
324,2022-08-24,57.84,57.1,58.4,57.1,16473,95261127.0,2.25,-1.3,-0.75,1.13
325,2022-08-25,57.51,58.22,59.25,57.44,19303,112930855.0,3.17,1.96,1.12,1.32
326,2022-08-26,57.99,58.88,59.99,57.7,16287,96236976.0,3.93,1.13,0.66,1.11
327,2022-08-29,58.8,59.5,59.5,57.65,13097,77013365.0,3.14,1.05,0.62,0.9
328,2022-08-30,59.45,58.83,60.28,58.71,12846,76285053.0,2.64,-1.13,-0.67,0.88
329,2022-08-31,58.74,60.4,60.98,58.22,23976,144197281.0,4.69,2.67,1.57,1.64
330,2022-09-01,60.38,59.37,60.7,59.1,16041,95647330.0,2.65,-1.71,-1.03,1.1
331,2022-09-02,59.0,59.68,59.95,58.29,15425,91547401.0,2.8,0.52,0.31,1.06
332,2022-09-05,59.51,59.4,59.86,57.99,16866,99150030.0,3.13,-0.47,-0.28,1.15
333,2022-09-06,59.3,57.84,59.5,57.53,20866,121170386.0,3.32,-2.63,-1.56,1.43
334,2022-09-07,57.4,56.09,57.83,55.61,27632,155166244.0,3.84,-3.03,-1.75,1.89
335,2022-09-08,56.01,56.92,57.66,55.86,17671,100500376.0,3.21,1.48,0.83,1.21
336,2022-09-09,56.8,56.42,57.2,56.17,14210,80506112.0,1.81,-0.88,-0.5,0.97
337,2022-09-13,56.35,55.08,56.5,54.98,37689,209739449.0,2.69,-2.38,-1.34,2.58
338,2022-09-14,55.0,54.6,55.08,53.3,35473,191028752.0,3.23,-0.87,-0.48,2.43
339,2022-09-15,54.97,53.93,55.93,53.67,25853,141158646.0,4.14,-1.23,-0.67,1.77
340,2022-09-16,53.99,52.76,55.09,52.75,21019,112385745.0,4.34,-2.17,-1.17,1.44
341,2022-09-19,52.3,51.76,52.91,51.5,20458,106350649.0,2.67,-1.9,-1.0,1.4
342,2022-09-20,52.14,52.48,52.92,51.76,20663,108244034.0,2.24,1.39,0.72,1.41
343,2022-09-21,52.44,52.11,52.59,51.42,12676,65963252.0,2.23,-0.71,-0.37,0.87
344,2022-09-22,51.7,49.92,51.97,49.88,23173,117117619.0,4.01,-4.2,-2.19,1.59
345,2022-09-23,50.25,49.09,50.68,48.92,19449,96501221.0,3.53,-1.66,-0.83,1.33
346,2022-09-26,48.83,49.55,50.4,48.1,23217,115247018.0,4.69,0.94,0.46,1.59
347,2022-09-27,49.55,51.5,51.64,49.1,24816,126111068.0,5.13,3.94,1.95,1.7
348,2022-09-28,51.78,50.2,52.28,50.13,22881,116357711.0,4.17,-2.52,-1.3,1.57
349,2022-09-29,50.52,49.01,51.12,49.01,17386,86321546.0,4.2,-2.37,-1.19,1.19
350,2022-09-30,48.91,47.9,49.2,47.8,23241,112390312.0,2.86,-2.26,-1.11,1.59
351,2022-10-10,48.17,47.08,49.16,46.79,26807,128221662.0,4.95,-1.71,-0.82,1.84
352,2022-10-11,47.01,46.82,47.49,46.0,21731,101553362.0,3.16,-0.55,-0.26,1.49
353,2022-10-12,46.84,47.69,47.69,45.81,23303,108673338.0,4.02,1.86,0.87,1.6
354,2022-10-13,46.55,47.18,48.18,46.55,20120,95650192.0,3.42,-1.07,-0.51,1.38
355,2022-10-14,47.84,48.66,49.33,47.6,25098,122232132.0,3.67,3.14,1.48,1.72
356,2022-10-17,48.66,49.2,49.58,48.48,27567,135236134.0,2.26,1.11,0.54,1.89
357,2022-10-18,49.21,48.25,49.5,48.13,25457,123403173.0,2.78,-1.93,-0.95,1.74
358,2022-10-19,48.26,46.72,48.3,46.38,23674,111164122.0,3.98,-3.17,-1.53,1.62
359,2022-10-20,46.48,46.46,47.18,46.26,17233,80511056.0,1.97,-0.56,-0.26,1.18
360,2022-10-21,47.47,44.87,47.48,44.55,36063,163333404.0,6.31,-3.42,-1.59,2.47
361,2022-10-24,44.94,43.22,45.07,43.0,28712,125764248.0,4.61,-3.68,-1.65,1.97
362,2022-10-25,43.14,42.54,43.64,42.1,34772,148509920.0,3.56,-1.57,-0.68,2.38
363,2022-10-26,42.71,44.49,45.07,42.71,33241,147384700.0,5.55,4.58,1.95,2.28
364,2022-10-27,44.8,44.91,46.15,44.37,40632,183610033.0,4.0,0.94,0.42,2.78
365,2022-10-28,44.71,42.09,44.71,41.92,36900,158428735.0,6.21,-6.28,-2.82,2.53
366,2022-10-31,42.27,40.59,42.3,40.2,63083,256815700.0,4.99,-3.56,-1.5,4.32
367,2022-11-01,40.98,43.85,43.87,40.89,51772,220321972.0,7.34,8.03,3.26,3.54
368,2022-11-02,43.76,45.88,46.74,43.16,57783,263369358.0,8.16,4.63,2.03,3.96
369,2022-11-03,45.4,45.45,46.16,44.72,31550,143194135.0,3.14,-0.94,-0.43,2.16
370,2022-11-04,45.19,47.15,47.43,45.1,28246,131682398.0,5.13,3.74,1.7,1.93
371,2022-11-07,46.75,46.61,47.08,46.06,27828,129578412.0,2.16,-1.15,-0.54,1.9
372,2022-11-08,47.0,47.2,47.69,46.3,26606,125046499.0,2.98,1.27,0.59,1.82
373,2022-11-09,47.09,46.45,47.5,46.3,20026,93663778.0,2.54,-1.59,-0.75,1.37
374,2022-11-10,46.25,46.3,46.86,45.91,13410,62113898.0,2.05,-0.32,-0.15,0.92
375,2022-11-11,47.66,48.8,49.57,46.81,51717,250429008.0,5.96,5.4,2.5,3.54
376,2022-11-14,48.82,48.88,50.16,48.41,35584,174651521.0,3.59,0.16,0.08,2.44
377,2022-11-15,48.82,49.54,50.4,48.17,23266,114711053.0,4.56,1.35,0.66,1.59
378,2022-11-16,49.18,50.48,51.17,49.03,29867,150276285.0,4.32,1.9,0.94,2.04
379,2022-11-17,50.0,50.65,51.09,49.48,23730,119470755.0,3.19,0.34,0.17,1.62
380,2022-11-18,50.5,49.95,50.85,49.4,22275,111599601.0,2.86,-1.38,-0.7,1.52
381,2022-11-21,49.61,49.72,50.05,48.86,19244,95164467.0,2.38,-0.46,-0.23,1.32
382,2022-11-22,49.4,48.82,49.9,48.3,23034,112364511.0,3.22,-1.81,-0.9,1.58
383,2022-11-23,48.53,47.89,48.82,47.5,22213,106545825.0,2.7,-1.9,-0.93,1.52
384,2022-11-24,48.0,47.57,49.06,47.3,18165,86902573.0,3.68,-0.67,-0.32,1.24
385,2022-11-25,48.0,47.26,48.1,47.01,13371,63453620.0,2.29,-0.65,-0.31,0.92
386,2022-11-28,47.0,46.2,47.58,45.7,25660,118398695.0,3.98,-2.24,-1.06,1.76
387,2022-11-29,46.12,48.8,49.1,46.12,24179,116120431.0,6.45,5.63,2.6,1.66
388,2022-11-30,48.32,48.85,50.14,48.31,25248,124496389.0,3.75,0.1,0.05,1.73
389,2022-12-01,49.85,51.33,51.93,49.4,44927,229246508.0,5.18,5.08,2.48,3.08
390,2022-12-02,51.51,50.51,51.75,50.42,13141,66824494.0,2.59,-1.6,-0.82,0.9
391,2022-12-05,50.9,51.84,52.27,50.89,28736,148652392.0,2.73,2.63,1.33,1.97
392,2022-12-06,51.75,53.8,54.98,51.22,43281,233565226.0,7.25,3.78,1.96,2.96
393,2022-12-07,53.5,54.86,55.49,53.0,38585,209790654.0,4.63,1.97,1.06,2.64
394,2022-12-08,54.46,53.56,54.85,53.01,23424,125714797.0,3.35,-2.37,-1.3,1.6
395,2022-12-09,53.57,53.49,53.9,52.48,28933,154160552.0,2.65,-0.13,-0.07,1.98
396,2022-12-12,53.6,52.49,53.99,52.24,25831,136892196.0,3.27,-1.87,-1.0,1.77
397,2022-12-13,53.79,54.55,54.86,51.95,41685,224583468.0,5.54,3.92,2.06,2.85
398,2022-12-14,54.0,54.93,55.58,53.4,25132,137263802.0,4.0,0.7,0.38,1.72
399,2022-12-15,55.1,52.88,55.25,52.7,23134,124108887.0,4.64,-3.73,-2.05,1.58
400,2022-12-16,53.1,53.5,53.95,52.37,12414,66196866.0,2.99,1.17,0.62,0.85
401,2022-12-19,53.52,52.1,53.78,51.9,13375,70397744.0,3.51,-2.62,-1.4,0.92
402,2022-12-20,52.19,51.38,52.51,50.79,11980,61498179.0,3.3,-1.38,-0.72,0.82
403,2022-12-21,51.96,53.51,53.68,51.96,19041,101196600.0,3.35,4.15,2.13,1.3
404,2022-12-22,54.58,57.39,57.86,53.88,38446,218071977.0,7.44,7.25,3.88,2.63
405,2022-12-23,56.62,58.85,60.44,55.61,54726,320411655.0,8.42,2.54,1.46,3.75
406,2022-12-26,58.78,58.0,58.78,56.6,26991,155680910.0,3.7,-1.44,-0.85,1.85
407,2022-12-27,57.9,58.65,60.85,57.2,31422,186240255.0,6.29,1.12,0.65,2.15
408,2022-12-28,58.3,58.7,59.47,57.51,25272,148254197.0,3.34,0.09,0.05,1.73
409,2022-12-29,58.0,57.0,58.43,56.85,15835,90906488.0,2.69,-2.9,-1.7,1.08
410,2022-12-30,57.53,57.11,58.0,56.63,18391,105462012.0,2.4,0.19,0.11,1.26
