date,open,high,low,close,volume,outstanding_share,turnover
2021-01-04,26.9,27.89,26.57,27.46,43601981.0,1789981118.0000002,0.024358905555784748
2021-01-05,27.19,28.77,27.1,28.14,43608514.0,1789981118.0000002,0.024362555314955
2021-01-06,28.14,28.49,27.17,27.54,33244642.0,1789981118.0000002,0.018572621613542627
2021-01-07,27.11,27.31,25.91,26.48,43046178.0,1789981118.0000002,0.024048397811087967
2021-01-08,26.18,28.51,26.06,27.76,69925572.0,1789981118.0000002,0.039064977444080495
2021-01-11,27.37,28.25,26.41,27.09,62704595.0,1789981118.0000002,0.03503086952674771
2021-01-12,26.64,26.64,24.71,25.34,81237693.0,1827219592.0000002,0.04445973179998608
2021-01-13,25.83,26.22,24.45,24.8,92078721.0,1827219592.0000002,0.05039280522338006
2021-01-14,24.7,25.06,23.6,23.77,87271209.0,1827219592.0000002,0.047761751998552336
2021-01-15,23.86,24.43,23.14,23.62,75172530.0,1827219592.0000002,0.041140391844047164
2021-01-18,23.6,24.53,22.97,24.43,59907809.0,1827219592.0000002,0.03278632150305884
2021-01-19,24.45,24.46,23.74,24.02,41659281.0,1827219592.0000002,0.022799274472753133
2021-01-20,23.82,24.49,23.64,24.25,32270993.0,1827219592.0000002,0.017661256009562313
2021-01-21,24.62,25.64,24.47,25.37,67670797.0,1827219592.0000002,0.03703484643897141
2021-01-22,25.45,25.49,24.52,24.99,52087143.0,1827219592.0000002,0.02850623057461174
2021-01-25,24.61,24.74,23.67,23.87,55718449.0,1827219592.0000002,0.030493570255019458
2021-01-26,23.63,24.35,23.46,23.88,38660424.0,1827219592.0000002,0.021158061225516892
2021-01-27,23.95,25.97,23.67,25.54,89695714.0,1827219592.0000002,0.04908863411530232
2021-01-28,25.65,26.36,24.85,25.3,84041484.0,1827219592.0000002,0.045994189405561055
2021-01-29,25.45,25.55,24.04,24.89,59979322.0,1827219592.0000002,0.03282545910880316
2021-02-01,23.9,25.44,23.72,25.3,56876870.0,1827219592.0000002,0.031127550431825707
2021-02-02,25.32,25.41,24.33,24.37,47397287.0,1827219592.0000002,0.025939568077923716
2021-02-03,24.27,24.78,23.87,24.13,38787681.0,1827219592.0000002,0.02122770638505719
2021-02-04,24.18,24.2,21.73,21.77,87227654.0,1827219592.0000002,0.04773791523575125
2021-02-05,21.81,22.25,21.28,21.3,43339660.0,1827219592.0000002,0.023718911612896056
2021-02-08,21.44,21.53,20.34,20.95,51428848.0,1827219592.0000002,0.02814595915300365
2021-02-09,20.98,21.56,20.65,21.33,44613665.0,1827219592.0000002,0.024416148554519217
2021-02-10,21.26,21.87,21.16,21.61,36697403.0,1827219592.0000002,0.02008373988581882
2021-02-18,22.31,22.44,21.78,22.02,35808763.0,1827219592.0000002,0.01959740534568436
2021-02-19,22.01,23.23,21.84,23.2,43687533.0,1827219592.0000002,0.023909295407773843
2021-02-22,23.16,23.17,22.45,22.5,42760208.0,1827219592.0000002,0.023401789356470512
2021-02-23,22.26,22.35,21.88,21.96,24938093.0,1827219592.0000002,0.013648109460507579
2021-02-24,21.94,22.91,21.91,22.11,33908967.0,1827219592.0000002,0.01855768575843948
2021-02-25,22.33,22.4,21.6,21.77,26221843.0,1827219592.0000002,0.014350679641793157
2021-02-26,21.44,22.05,21.26,21.53,25051322.0,1827219592.0000002,0.013710077381876056
2021-03-01,21.54,22.21,21.45,22.18,22105513.0,1827219592.0000002,0.012097896222645142
2021-03-02,22.26,22.41,21.94,22.33,24142262.0,1827219592.0000002,0.013212567392392538
2021-03-03,22.1,22.96,22.07,22.64,28118319.0,1827219592.0000002,0.015388582260779523
2021-03-04,22.35,22.81,22.19,22.66,22130979.0,1827219592.0000002,0.012111833244835302
2021-03-05,22.52,23.13,22.25,22.84,37281698.0,1827219592.0000002,0.020403512617327493
2021-03-08,23.25,23.87,22.82,22.84,45510281.0,1827219592.0000002,0.024906848196710882
2021-03-09,22.53,22.73,21.48,21.79,37329985.0,1827219592.0000002,0.020429939107176557
2021-03-10,22.03,22.07,20.51,20.78,39699819.0,1827219592.0000002,0.021726900901137006
2021-03-11,20.77,21.63,20.53,21.03,42655035.0,1827219592.0000002,0.023344230319526912
2021-03-12,20.8,20.91,19.82,20.21,45143684.0,1827219592.0000002,0.02470621713867875
2021-03-15,19.52,19.52,18.19,18.19,82996438.0,1827219592.0000002,0.04542225705294429
2021-03-16,17.77,18.45,17.75,18.21,42222875.0,1827219592.0000002,0.02310771796934629
2021-03-17,18.21,18.38,17.98,18.29,28115859.0,1827219592.0000002,0.015387235952973515
2021-03-18,18.3,18.36,18.02,18.06,23769698.0,1827219592.0000002,0.013008670717011443
2021-03-19,17.88,18.01,17.46,17.58,34987540.0,1827219592.0000002,0.019147966754069257
2021-03-22,17.55,17.74,17.45,17.61,25386141.0,1827219592.0000002,0.013893316988908467
2021-03-23,17.65,17.82,17.38,17.66,29802822.0,1827219592.0000002,0.016310476381976094
2021-03-24,17.61,18.11,17.39,18.03,32871197.0,1827219592.0000002,0.017989735412162762
2021-03-25,17.79,18.02,17.68,17.77,21364704.0,1827219592.0000002,0.011692466572457809
2021-03-26,17.85,17.95,17.53,17.84,23460515.0,1827219592.0000002,0.012839461169700504
2021-03-29,17.78,17.81,17.53,17.58,19730365.0,1827219592.0000002,0.010798026184911878
2021-03-30,17.58,18.04,17.54,17.87,26780982.0,1827219592.0000002,0.014656685007786408
2021-03-31,17.89,18.28,17.73,18.05,25284818.0,1827288142.0,0.013837345856316513
2021-04-01,18.08,18.3,17.8,18.3,21191100.0,1827288142.0,0.011597021571434244
2021-04-02,18.31,18.31,17.99,18.14,19124759.0,1827288142.0,0.010466197727889596
2021-04-06,18.2,18.78,18.06,18.72,30226921.0,1827288142.0,0.016541956523023284
2021-04-07,18.63,18.77,18.43,18.68,19078033.0,1827288142.0,0.010440626500820362
2021-04-08,18.69,19.28,18.45,18.98,36177768.0,1827288142.0,0.019798611487952183
2021-04-09,18.78,19.09,18.74,18.97,20470926.0,1827288142.0,0.011202899821587087
2021-04-12,19.04,19.04,18.14,18.2,23560825.0,1827288142.0,0.01289387505914215
2021-04-13,18.13,18.57,18.13,18.41,17153350.0,1827288142.0,0.009387326281899552
2021-04-14,18.56,19.64,18.56,19.36,42354061.0,1827288142.0,0.023178643820039632
2021-04-15,19.2,19.64,18.89,19.46,30569843.0,1827288142.0,0.016729623696096856
2021-04-16,19.48,20.05,19.48,19.6,24156427.0,1827288142.0,0.013219823652749343
2021-04-19,19.6,19.99,19.26,19.84,29098621.0,1827288142.0,0.015924484120031026
2021-04-20,19.74,20.8,19.64,20.46,42864060.0,1827288142.0,0.023457745395909214
2021-04-21,20.41,20.67,19.92,20.23,26295780.0,1827288142.0,0.014390603975144715
2021-04-22,20.23,20.39,20.01,20.3,17351758.0,1827288142.0,0.009495906858459765
2021-04-23,20.3,20.53,19.82,19.94,22507681.0,1827288142.0,0.012317532458435886
2021-04-26,19.91,19.98,19.4,19.42,27198292.0,1827288142.0,0.014884511848378208
2021-04-27,19.44,20.16,19.11,19.25,25256253.0,1827288142.0,0.013821713401125984
2021-04-28,19.25,19.8,19.25,19.71,25533947.0,1827288142.0,0.013973683959910468
2021-04-29,19.78,20.0,19.47,19.84,19699015.0,1827288142.0,0.010780464529496192
2021-04-30,19.73,19.95,19.25,19.44,18819744.0,1827288142.0,0.01029927550419139
2021-05-06,19.4,19.45,18.88,19.09,18793326.0,1827288142.0,0.010284818014213328
2021-05-07,19.16,19.24,18.58,18.61,18620496.0,1827288142.0,0.010190235230016614
2021-05-10,18.48,18.72,18.23,18.53,17329799.0,1827288142.0,0.00948388959665235
2021-05-11,18.36,18.78,18.17,18.7,15411313.0,1827288142.0,0.008433980742157085
2021-05-12,18.64,19.32,18.42,19.21,20085546.0,1827288142.0,0.010991997123133522
2021-05-13,18.98,19.34,18.87,19.04,16330549.0,1827288142.0,0.008937040975992936
2021-05-14,19.11,19.34,18.88,19.12,17672670.0,1827288142.0,0.009671528859513608
2021-05-17,19.02,19.81,18.95,19.57,23521631.0,1827288142.0,0.012872425787350181
2021-05-18,19.57,19.82,19.3,19.34,17126639.0,1827288142.0,0.009372708445015455
2021-05-19,19.22,19.4,18.87,19.31,15084118.0,1827288142.0,0.00825492031239811
2021-05-20,19.62,20.93,19.44,20.62,53921390.0,1827288142.0,0.0295089694726427
2021-05-21,20.62,21.05,19.89,19.93,41922172.0,1827288142.0,0.022942288649733928
2021-05-24,19.72,20.37,19.6,20.13,23328926.0,1827288142.0,0.012766966229237425
2021-05-25,20.15,20.94,20.07,20.59,33193490.0,1827288142.0,0.018165438300097064
2021-05-26,20.69,20.73,20.12,20.2,23819444.0,1827288142.0,0.013035406651262557
2021-05-27,20.09,20.61,19.97,20.41,25529554.0,1827288142.0,0.013971279850838106
2021-05-28,20.42,20.56,19.65,19.75,31010117.0,1827288142.0,0.016970567633662233
2021-05-31,19.71,19.89,19.43,19.57,23121272.0,1827288142.0,0.01265332569536261
2021-06-01,19.45,19.62,19.12,19.4,26583224.0,1827288142.0,0.01454791030981254
2021-06-02,19.3,19.36,18.79,18.93,26062144.0,1827288142.0,0.014262744556244157
2021-06-03,19.0,19.54,18.98,19.12,24536862.0,1827288142.0,0.01342802015512669
2021-06-04,19.13,19.33,19.0,19.24,17117524.0,1827288142.0,0.009367720178638362
2021-06-07,19.16,19.98,18.96,19.87,38626693.0,1827288142.0,0.021138807893604773
2021-06-08,19.85,20.4,19.7,20.29,36229831.0,1827288142.0,0.0198271034366511
2021-06-09,20.3,20.56,20.09,20.24,29340902.0,1827288142.0,0.01605707459354815
2021-06-10,20.21,20.61,20.05,20.15,28270713.0,1827288142.0,0.015471403962079671
2021-06-11,20.16,20.26,19.31,19.47,32500600.0,1827288142.0,0.017786247966578222
2021-06-15,19.47,19.81,19.23,19.49,20852448.0,1827288142.0,0.011411691194568044
2021-06-16,19.5,19.55,18.65,18.75,24470454.0,1827288142.0,0.013391677775140949
2021-06-17,18.84,18.97,18.29,18.49,28446780.0,1827288142.0,0.015567758223869655
2021-06-18,18.39,19.26,18.21,19.17,27704887.0,1827288142.0,0.015161750554390672
2021-06-21,19.12,21.09,19.03,21.09,71279335.0,1827288142.0,0.03900826222293736
2021-06-22,21.82,22.17,20.84,21.21,91246581.0,1827288142.0,0.049935518598686335
2021-06-23,21.21,22.89,20.73,22.42,83482278.0,1827288142.0,0.045686433398854726
2021-06-24,22.42,22.62,21.72,21.89,40673238.0,1827288142.0,0.02225879819669951
2021-06-25,22.24,22.32,21.06,21.31,44042494.0,1827288142.0,0.024102654084864082
2021-06-28,21.9,23.41,21.9,22.95,80306042.0,1827288142.0,0.04394820945540837
2021-06-29,23.29,23.38,21.96,22.01,52105155.0,1827288142.0,0.02851501840479847
2021-06-30,22.0,22.35,21.59,21.97,29054290.0,1827288142.0,0.015900223578422367
2021-07-01,21.94,22.13,21.41,21.5,23943386.0,1827288142.0,0.013103235034291599
2021-07-02,21.69,22.18,21.33,21.64,40894594.0,1827288142.0,0.022379937274282384
2021-07-05,21.5,22.31,21.06,21.3,39912880.0,1827288142.0,0.021842685388586077
2021-07-06,21.32,21.32,19.3,20.49,47997980.0,1827288142.0,0.02626732965467906
2021-07-07,20.21,20.72,20.08,20.31,24709392.0,1827288142.0,0.013522438761603915
2021-07-08,20.2,20.21,19.49,19.49,38219091.0,1827288142.0,0.02091574400420971
2021-07-09,19.5,19.62,18.76,18.87,47448957.0,1827288142.0,0.02596687184105855
2021-07-12,17.03,17.65,16.99,17.27,137619212.0,1827288142.0,0.07531336127939477
2021-07-13,17.23,18.09,16.91,17.63,66676850.0,1827288142.0,0.03648951058535354
2021-07-14,17.65,18.02,17.34,17.76,37843078.0,1827288142.0,0.020709967481417606
2021-07-15,17.8,18.38,17.41,18.29,41330791.0,1827288142.0,0.022618650036639924
2021-07-16,18.38,18.96,18.14,18.51,49568624.0,1827288142.0,0.02712687882150116
2021-07-19,18.61,18.65,17.83,17.87,33426739.0,1827288142.0,0.01829308592973948
2021-07-20,17.63,18.15,17.6,18.15,16992609.0,1827288142.0,0.009299359312539116
2021-07-21,18.15,18.27,17.77,17.86,21685981.0,1827288142.0,0.011867849684759789
2021-07-22,17.8,17.96,17.53,17.88,18585854.0,1827288142.0,0.010171277081488335
2021-07-23,17.8,17.8,17.03,17.35,34410655.0,1827288142.0,0.018831542879896825
2021-07-26,17.17,17.17,15.63,15.66,73196246.0,1827288142.0,0.04005730914440531
2021-07-27,15.61,15.86,14.49,14.61,65165605.0,1827288142.0,0.03566246805973089
2021-07-28,14.68,14.85,13.85,14.09,52361669.0,1827288142.0,0.02865539801658714
2021-07-29,14.5,14.8,14.39,14.67,40860065.0,1827288142.0,0.022361040966028443
2021-07-30,14.66,15.03,14.43,14.62,33256472.0,1827288142.0,0.018199905770526256
2021-08-02,14.56,15.09,14.24,14.94,31305599.0,1827288142.0,0.017132272836694194
2021-08-03,14.52,14.61,13.68,14.15,86597045.0,1827288142.0,0.04739101787483717
2021-08-04,14.09,14.35,13.9,14.09,47374360.0,1827288142.0,0.02592604795658987
2021-08-05,13.87,14.01,13.14,13.7,60041925.0,1827288142.0,0.03285848773378621
2021-08-06,13.7,13.77,13.21,13.33,39320389.0,1827288142.0,0.021518439317929967
2021-08-09,13.35,13.63,13.05,13.6,41430205.0,1827288142.0,0.022673055249323674
2021-08-10,13.58,13.89,13.48,13.83,36581924.0,1827288142.0,0.0200197895226094
2021-08-11,13.72,14.19,13.67,13.73,39322999.0,1827288142.0,0.02151986766408951
2021-08-12,13.69,13.99,13.65,13.66,26524442.0,1827288142.0,0.01451574132745617
2021-08-13,13.6,13.72,13.37,13.43,23582198.0,1827288142.0,0.012905571627137501
2021-08-16,13.29,13.64,13.27,13.51,23597441.0,1827288142.0,0.012913913497064658
2021-08-17,13.41,13.81,13.22,13.47,40083048.0,1827288142.0,0.021935811369151872
2021-08-18,13.47,13.64,13.15,13.6,33815456.0,1827288142.0,0.01850581483169281
2021-08-19,13.63,14.1,13.59,13.8,36540344.0,1827288142.0,0.01999703449068844
2021-08-20,13.78,13.78,13.23,13.38,30067385.0,1827288142.0,0.016454649000836125
2021-08-23,13.42,13.83,13.35,13.7,24372396.0,1827288142.0,0.013338014645749286
2021-08-24,13.76,13.83,13.52,13.64,20406785.0,1827288142.0,0.011167798077901608
2021-08-25,13.85,14.29,13.85,14.05,35625480.0,1827288142.0,0.019496366873484588
2021-08-26,13.88,14.0,13.58,13.6,25540325.0,1827288142.0,0.01397717437822677
2021-08-27,13.49,13.6,13.3,13.34,23521954.0,1827288142.0,0.012872602552028163
2021-08-30,13.32,13.43,12.35,12.5,57603700.0,1827288142.0,0.03152414700012868
2021-08-31,11.97,12.85,11.95,12.33,46937495.0,1827288142.0,0.025686969625176935
2021-09-01,12.61,13.56,12.54,13.56,51443893.0,1827288142.0,0.028153136780986125
2021-09-02,13.97,14.33,13.6,13.95,84336493.0,1827288142.0,0.04615391030102794
2021-09-03,13.76,14.1,13.51,13.97,44911282.0,1827288142.0,0.024578106193390927
2021-09-06,14.01,14.49,13.87,14.39,46370268.0,1827288142.0,0.02537654950753793
2021-09-07,14.33,15.3,14.15,15.02,57772109.0,1827288142.0,0.03161631035199921
2021-09-08,15.07,16.47,15.07,16.24,100582533.0,1827288142.0,0.055044702960700326
2021-09-09,15.58,15.85,15.17,15.25,68662431.0,1827288142.0,0.03757613778681217
2021-09-10,15.14,15.25,14.56,14.66,51817270.0,1827288142.0,0.028357470728883
2021-09-13,14.58,15.9,14.35,15.55,63753450.0,1827288142.0,0.034889653434854936
2021-09-14,15.23,15.79,14.98,15.18,47029380.0,1827288142.0,0.025737254524360615
2021-09-15,15.24,15.53,14.89,15.22,29175773.0,1827288142.0,0.015966706251410678
2021-09-16,15.05,15.39,14.54,14.62,36903545.0,1827288142.0,0.0201957995303403
2021-09-17,14.56,14.59,13.97,14.38,29284463.0,1827288142.0,0.016026187839180975
2021-09-22,14.11,14.38,13.87,14.06,20376092.0,1827288142.0,0.011151001055420847
2021-09-23,14.13,14.85,14.13,14.48,34233133.0,1827288142.0,0.018734392356167327
2021-09-24,14.48,15.09,14.38,14.71,29660287.0,1827288142.0,0.0162318609300098
2021-09-27,14.73,14.79,14.09,14.2,23010822.0,1827288142.0,0.012592880931637983
2021-09-28,14.13,14.3,13.92,14.04,17567504.0,1827288142.0,0.00961397581268822
2021-09-29,13.95,13.95,13.38,13.44,26617471.0,1827288142.0,0.014566652291010162
2021-09-30,13.55,13.95,13.55,13.86,16595831.0,1827288142.0,0.00908221895526316
2021-10-08,14.04,14.2,13.78,13.84,25711231.0,1827288142.0,0.014070704235982504
2021-10-11,13.83,15.03,13.61,14.48,47683186.0,1827288142.0,0.02609505578458463
2021-10-12,14.24,14.35,13.47,13.65,38083282.0,1827288142.0,0.02084142129785681
2021-10-13,13.65,13.91,13.6,13.78,15490582.0,1827288142.0,0.00847736142097725
2021-10-14,13.62,13.82,13.5,13.64,14811597.0,1827288142.0,0.008105780724756654
2021-10-15,14.06,14.28,13.72,13.78,28098777.0,1827288142.0,0.01537731042748703
2021-10-18,13.53,13.67,13.27,13.32,25444488.0,1827288142.0,0.013924726711218378
2021-10-19,13.37,13.85,13.23,13.75,27195496.0,1827288142.0,0.014882981712032584
2021-10-20,13.72,14.29,13.53,14.13,33772016.0,1827288142.0,0.01848204189791103
2021-10-21,13.97,14.21,13.85,13.96,18287186.0,1827288142.0,0.010007828311075419
2021-10-22,13.98,14.3,13.88,14.12,25309589.0,1827288142.0,0.01385090201061459
2021-10-25,14.14,14.27,13.86,14.2,21235072.0,1827288142.0,0.011621085647038582
2021-10-26,14.09,15.34,14.02,14.85,49318143.0,1827288142.0,0.02698980082365138
2021-10-27,14.66,15.21,14.62,15.12,43304322.0,1827288142.0,0.02369868276636581
2021-10-28,15.12,15.39,14.81,15.17,33997886.0,1827288142.0,0.018605651302913122
2021-10-29,15.35,16.33,15.17,15.97,65352532.0,1827288142.0,0.03576476555496632
2021-11-01,16.04,16.63,15.96,16.01,68081086.0,1827288142.0,0.037257991465694085
2021-11-02,15.93,16.25,15.39,15.57,55238338.0,1827288142.0,0.03022968120372118
2021-11-03,15.53,16.21,15.45,15.76,40329664.0,1827288142.0,0.022070774210715585
2021-11-04,15.71,16.45,15.65,16.4,47493458.0,1827288142.0,0.025991225416708254
2021-11-05,16.4,17.8,16.23,17.08,116089678.0,1827288142.0,0.06353112863357048
2021-11-08,17.35,17.71,16.81,17.44,85290082.0,1827288142.0,0.0466757705255223
2021-11-09,17.17,17.45,16.81,16.87,54411269.0,1827288142.0,0.029777060196125325
2021-11-10,17.18,17.86,17.03,17.39,64154726.0,1827288142.0,0.035109255363405076
2021-11-11,17.27,17.78,16.69,17.42,59892274.0,1827288142.0,0.032776589867456164
2021-11-12,17.27,18.19,17.1,17.92,61343791.0,1827288142.0,0.03357094570364699
2021-11-15,17.92,19.19,17.37,18.82,81013698.0,1827288142.0,0.044335480616280384
2021-11-16,18.51,19.93,18.41,19.55,76709173.0,1827288142.0,0.04197979028969149
2021-11-17,19.2,19.92,18.95,19.15,72004855.0,1827288142.0,0.03940530961974578
2021-11-18,19.3,19.3,17.5,17.87,90675507.0,1827288142.0,0.049622993175424436
2021-11-19,17.65,18.61,17.6,18.22,62446670.0,1827288142.0,0.03417450623394895
2021-11-22,18.05,18.68,17.9,18.14,45823034.0,1827288142.0,0.025077070740384632
2021-11-23,18.01,18.47,17.6,18.33,47166053.0,1827288142.0,0.025812050062545635
2021-11-24,18.26,18.6,18.16,18.34,35947771.0,1827288142.0,0.01967274354478901
2021-11-25,18.57,19.25,18.15,18.16,48785839.0,1827288142.0,0.026698492634337906
2021-11-26,18.09,18.85,18.02,18.26,34390768.0,1827288142.0,0.018820659538872003
2021-11-29,17.96,18.49,17.88,18.09,28162210.0,1827288142.0,0.015412024711754518
2021-11-30,17.99,18.38,16.91,17.31,62531489.0,1827288142.0,0.034220924200579636
2021-12-01,17.06,17.42,17.05,17.38,25906163.0,1827288142.0,0.014177382540032923
2021-12-02,17.23,17.41,16.95,17.07,19914873.0,1827288142.0,0.010898594776739923
2021-12-03,17.18,17.89,17.09,17.67,31357714.0,1827288142.0,0.017160793242864486
2021-12-06,17.56,17.81,17.25,17.74,28067683.0,1827288142.0,0.015360293954121222
2021-12-07,17.64,17.65,17.23,17.49,27437348.0,1827288142.0,0.015015337411410838
2021-12-08,17.55,19.23,17.2,19.23,71795281.0,1827288142.0,0.03929061834846625
2021-12-09,19.64,19.88,19.0,19.14,77742049.0,1827288142.0,0.042545041043669185
2021-12-10,19.02,19.69,18.86,19.34,54769530.0,1827288142.0,0.02997312177599629
2021-12-13,19.51,20.42,19.37,20.17,74685236.0,1827288142.0,0.04087217241953733
2021-12-14,20.11,21.19,19.74,20.56,76380641.0,1827288142.0,0.04179999817456266
2021-12-15,20.67,21.75,19.96,19.99,75613857.0,1827288142.0,0.041380368679697806
2021-12-16,20.4,20.66,19.46,20.08,66134509.0,1827288142.0,0.03619270955680508
2021-12-17,20.07,20.44,19.42,19.78,48725366.0,1827288142.0,0.026665398236902695
2021-12-20,19.48,19.75,17.87,17.92,75016318.0,1827288142.0,0.04105336004528179
2021-12-21,17.87,18.44,17.77,17.96,50377316.0,1827288142.0,0.02756944284926028
2021-12-22,18.38,19.02,18.04,18.66,59875091.0,1827288142.0,0.032767186314942985
2021-12-23,18.54,19.24,18.38,18.7,41447469.0,1827288142.0,0.02268250312982111
2021-12-24,18.7,19.48,18.56,19.13,47114708.0,1827288142.0,0.02578395104585536
2021-12-27,18.49,18.82,17.77,17.85,67864423.0,1827288142.0,0.03713942067490306
2021-12-28,18.04,18.58,17.69,17.89,54692627.0,1827288142.0,0.029931035912123816
2021-12-29,17.9,17.97,17.42,17.6,36373181.0,1827288142.0,0.019905553023612847
2021-12-30,17.55,18.93,17.53,18.62,60728474.0,1827288142.0,0.033234207897574156
2021-12-31,18.84,18.88,18.3,18.66,45417310.0,1827236841.0000002,0.024855732426642768
2022-01-04,18.65,19.2,18.55,18.98,62307268.0,1827236841.0000002,0.03409917455796306
2022-01-05,18.88,19.48,18.38,18.83,65255687.0,1827236841.0000002,0.03571276888456738
2022-01-06,18.38,18.44,17.77,18.14,51908825.0,1827236841.0000002,0.028408372595854416
2022-01-07,18.13,18.75,17.45,17.62,62550629.0,1827236841.0000002,0.03423235981043794
2022-01-10,17.37,17.55,16.45,16.95,64422035.0,1827236841.0000002,0.03525653246173794
2022-01-11,16.97,17.0,16.26,16.46,58569371.0,1827236841.0000002,0.032053519109184817
2022-01-12,16.49,16.59,16.13,16.5,43428779.0,1827236841.0000002,0.023767460257769612
2022-01-13,16.47,16.57,15.8,15.91,44010354.0,1827236841.0000002,0.024085741384195305
2022-01-14,15.62,16.1,15.54,15.82,45522831.0,1827236841.0000002,0.024913481371734224
2022-01-17,15.83,16.11,15.71,15.99,37450125.0,1827236841.0000002,0.02049549579982445
2022-01-18,16.02,16.02,15.41,15.55,43042167.0,1827236841.0000002,0.023555877395972445
2022-01-19,16.42,16.54,15.56,15.77,78846317.0,1827236841.0000002,0.043150573166448096
2022-01-20,15.54,15.68,15.05,15.49,45676678.0,1827236841.0000002,0.024997677900913118
2022-01-21,15.43,15.62,14.88,14.94,39892182.0,1827236841.0000002,0.0218319711516806
2022-01-24,13.44,13.62,13.44,13.44,39225682.0,1827236841.0000002,0.021467212744316594
2022-01-25,13.43,13.44,12.68,12.74,108255817.0,1827236841.0000002,0.05924564050534048
2022-01-26,12.86,13.09,12.5,12.55,60757846.0,1827236841.0000002,0.033251215516620594
2022-01-27,12.58,12.59,12.13,12.17,44558236.0,1827236841.0000002,0.024385583193262683
2022-01-28,12.33,12.7,12.16,12.51,50782170.0,1827236841.0000002,0.02779178312331324
2022-02-07,12.75,12.75,12.38,12.64,42191315.0,1827236841.0000002,0.02309022785295297
2022-02-08,12.62,12.77,12.45,12.72,33820103.0,1827236841.0000002,0.018508877580145067
2022-02-09,12.64,13.02,12.6,12.97,42006153.0,1827236841.0000002,0.022988893425009482
2022-02-10,12.96,13.11,12.8,13.05,31804004.0,1827236841.0000002,0.017405518149795227
2022-02-11,12.9,12.99,12.61,12.64,36416424.0,1827236841.0000002,0.019929777674617274
2022-02-14,12.58,12.82,12.48,12.66,26783884.0,1827236841.0000002,0.014658134840003478
2022-02-15,12.66,12.91,12.61,12.7,24168900.0,1827236841.0000002,0.013227020962850649
2022-02-16,12.8,12.94,12.69,12.81,27550029.0,1827236841.0000002,0.0150774264079103
2022-02-17,12.75,12.98,12.6,12.84,28735137.0,1827236841.0000002,0.01572600571268801
2022-02-18,12.72,13.07,12.67,12.88,24713761.0,1827236841.0000002,0.013525209455866043
2022-02-21,12.84,13.08,12.8,12.94,32738016.0,1827236841.0000002,0.01791667903438468
2022-02-22,12.77,12.79,12.11,12.39,58512915.0,1827236841.0000002,0.0320226221839843
2022-02-23,12.4,12.8,12.39,12.62,41303920.0,1827236841.0000002,0.022604579260450668
2022-02-24,12.51,12.63,11.89,12.11,57182299.0,1827236841.0000002,0.03129441007149658
2022-02-25,12.21,12.45,12.17,12.24,31699081.0,1827236841.0000002,0.0173480964748127
2022-02-28,12.27,12.28,11.9,12.13,29376347.0,1827236841.0000002,0.016076923549726084
2022-03-01,12.14,12.25,12.03,12.13,22258674.0,1827236841.0000002,0.012181603118191506
2022-03-02,12.06,12.13,11.97,12.08,18224010.0,1827236841.0000002,0.009973534678748302
2022-03-03,12.13,12.16,11.99,12.03,21735033.0,1827236841.0000002,0.011895027788573357
2022-03-04,11.93,12.22,11.69,12.08,43169533.0,1827236841.0000002,0.02362558155097968
2022-03-07,11.99,12.02,11.49,11.57,41868322.0,1827236841.0000002,0.022913462043095918
2022-03-08,11.49,11.68,11.06,11.19,31621385.0,1827236841.0000002,0.017305575440726348
2022-03-09,11.19,11.28,10.36,10.93,38729870.0,1827236841.0000002,0.02119586751480127
2022-03-10,11.17,11.26,10.97,10.98,30881100.0,1827236841.0000002,0.016900436389570363
2022-03-11,10.72,11.43,10.66,11.36,37777859.0,1827236841.0000002,0.020674856237752486
2022-03-14,11.27,11.47,11.15,11.15,23553773.0,1827236841.0000002,0.012890377684761227
2022-03-15,11.05,11.15,10.47,10.47,32353823.0,1827236841.0000002,0.017706420029432842
2022-03-16,10.63,10.92,10.15,10.78,40591095.0,1827236841.0000002,0.022214468365132967
2022-03-17,11.04,11.85,11.03,11.85,40312580.0,1827236841.0000002,0.02206204422735804
2022-03-18,11.73,11.99,11.53,11.69,57337167.0,1827236841.0000002,0.031379165367868146
2022-03-21,11.94,12.41,11.79,11.94,57156960.0,1827236841.0000002,0.03128054268472359
2022-03-22,11.85,12.28,11.77,12.17,42374423.0,1827236841.0000002,0.023190438179217947
2022-03-23,12.22,12.62,12.07,12.41,66807809.0,1827236841.0000002,0.03656220556686991
2022-03-24,12.23,12.28,11.89,11.94,40061843.0,1827236841.0000002,0.021924822278690033
2022-03-25,11.97,12.13,11.74,11.76,35072959.0,1827236841.0000002,0.019194533632982937
2022-03-28,11.71,12.04,11.68,11.93,33790788.0,1827236841.0000002,0.018492834230239775
2022-03-29,11.94,12.01,11.65,11.74,31143671.0,1827236841.0000002,0.017044134783838892
2022-03-30,11.74,12.19,11.71,11.96,34915307.0,1827236841.0000002,0.019108254724599216
2022-03-31,11.83,12.05,11.75,11.82,25353194.0,1827236841.0000002,0.01387515478624262
2022-04-01,11.67,12.37,11.49,12.25,61466423.0,1827236841.0000002,0.03363900159016112
2022-04-06,12.22,12.85,12.07,12.18,41428796.0,1827236841.0000002,0.02267292070212807
2022-04-07,12.07,12.55,11.83,11.84,37460876.0,1827236841.0000002,0.020501379547217653
2022-04-08,11.84,11.88,11.3,11.51,33017522.0,1827236841.0000002,0.018069645521119393
2022-04-11,11.38,11.79,11.07,11.37,34554772.0,1827236841.0000002,0.018910943138104118
2022-04-12,11.94,12.11,11.18,11.38,70127822.0,1827236841.0000002,0.03837916378788687
2022-04-13,11.04,11.19,10.69,10.71,50655330.0,1827236841.0000002,0.027722366834655995
2022-04-14,10.69,11.15,10.68,10.92,32708357.0,1827236841.0000002,0.01790044742207559
2022-04-15,11.3,11.9,11.16,11.69,74074639.0,1827236841.0000002,0.04053915581050831
2022-04-18,11.64,11.64,11.16,11.31,41765226.0,1827236841.0000002,0.02285704023849637
2022-04-19,11.23,11.51,11.21,11.36,29171468.0,1827236841.0000002,0.01596479851185312
2022-04-20,11.35,12.42,11.3,12.11,84934433.0,1827236841.0000002,0.04648244337801199
2022-04-21,11.95,12.44,11.87,12.0,73555664.0,1827236841.0000002,0.04025513406337892
2022-04-22,11.85,12.11,11.44,12.07,53067886.0,1827236841.0000002,0.029042697043562944
2022-04-25,11.76,12.06,10.97,10.98,54192999.0,1827236841.0000002,0.029658442618933595
2022-04-26,11.39,12.08,11.26,12.08,93909867.0,1827236841.0000002,0.05139446890125394
2022-04-27,12.4,12.81,11.87,12.74,144336781.0,1827236841.0000002,0.07899182949978623
2022-04-28,12.59,13.46,12.42,13.41,145281132.0,1827236841.0000002,0.07950864865470386
2022-04-29,13.16,14.52,12.96,13.57,140864528.0,1827236841.0000002,0.07709155421959883
2022-05-05,13.3,13.8,13.22,13.62,100874160.0,1827236841.0000002,0.05520584838076827
2022-05-06,13.14,13.23,12.73,12.73,86695584.0,1827236841.0000002,0.04744627628707054
2022-05-09,12.77,13.1,12.69,12.96,63098465.0,1827236841.0000002,0.03453217644488156
2022-05-10,12.63,13.14,12.51,13.1,70665724.0,1827236841.0000002,0.038673543798146304
2022-05-11,13.1,13.46,12.82,12.85,91648881.0,1827236841.0000002,0.05015708907764956
2022-05-12,12.62,13.0,12.6,12.96,55679021.0,1827236841.0000002,0.030471704461436037
2022-05-13,13.01,13.13,12.8,12.94,48190598.0,1827236841.0000002,0.026373482035107452
2022-05-16,12.94,13.71,12.84,13.71,96250765.0,1827236841.0000002,0.052675582519080784
2022-05-17,13.51,13.67,13.28,13.62,66971169.0,1827236841.0000002,0.03665160831769809
2022-05-18,13.67,14.01,13.05,13.05,81221758.0,1827236841.0000002,0.04445059128489846
2022-05-19,12.8,13.3,12.79,13.23,52924046.0,1827236841.0000002,0.028963977089601595
2022-05-20,13.25,13.5,13.15,13.37,52826444.0,1827236841.0000002,0.028910562010718562
2022-05-23,13.46,13.67,13.22,13.4,50094338.0,1827236841.0000002,0.027415350257815864
2022-05-24,13.31,13.34,12.92,12.93,47544214.0,1827236841.0000002,0.026019732600170355
2022-05-25,12.85,13.41,12.73,13.36,52949627.0,1827236841.0000002,0.02897797691678656
2022-05-26,13.58,13.58,13.08,13.32,58666410.0,1827236841.0000002,0.032106626072563954
2022-05-27,13.32,13.44,12.92,12.96,44132143.0,1827236841.0000002,0.024152393389708364
2022-05-30,12.99,13.14,12.66,13.1,38642839.0,1827236841.0000002,0.021148237673914105
2022-05-31,13.0,13.78,12.92,13.59,76329679.0,1827236841.0000002,0.041773281540353965
2022-06-01,13.44,13.65,13.26,13.39,47323929.0,1827236841.0000002,0.02589917625243415
2022-06-02,13.29,13.75,13.07,13.65,56361013.0,1827236841.0000002,0.030844941244264238
2022-06-06,13.63,13.91,13.51,13.82,58355606.0,1827236841.0000002,0.03193653099072995
2022-06-07,13.85,14.13,13.61,13.91,62708802.0,1827236841.0000002,0.03431892384879952
2022-06-08,14.46,14.55,13.54,13.66,105619323.0,1827236841.0000002,0.057802754755205805
2022-06-09,13.55,14.35,13.54,14.06,94366881.0,1827236841.0000002,0.05164458097744757
2022-06-10,13.85,14.2,13.71,14.2,78601967.0,1827236841.0000002,0.043016846659562284
2022-06-13,14.05,14.14,13.53,13.82,66564702.0,1827236841.0000002,0.036429159322100155
2022-06-14,13.53,13.59,13.0,13.32,75419276.0,1827236841.0000002,0.041275041257774196
2022-06-15,13.23,13.69,13.17,13.36,61087647.0,1827236841.0000002,0.033431707170794724
2022-06-16,13.43,14.7,13.37,14.7,172771501.0,1827236841.0000002,0.09455342467014104
2022-06-17,14.86,14.94,13.91,14.25,166871815.0,1827236841.0000002,0.09132467737935675
2022-06-20,14.26,14.54,14.14,14.4,89530034.0,1827236841.0000002,0.04899749829420169
2022-06-21,14.39,14.5,14.08,14.26,79237657.0,1827236841.0000002,0.04336474354174867
2022-06-22,14.3,14.33,13.7,13.7,71263850.0,1827236841.0000002,0.03900088286365719
2022-06-23,13.7,14.06,13.44,14.05,62272373.0,1827236841.0000002,0.0340800774167403
2022-06-24,13.95,14.08,13.83,13.96,47533688.0,1827236841.0000002,0.02601397198952382
2022-06-27,14.03,14.33,13.95,14.08,57896296.0,1827236841.0000002,0.031685162372445834
2022-06-28,13.8,14.13,13.74,14.13,52812009.0,1827236841.0000002,0.028902662104326515
2022-06-29,14.03,14.37,14.0,14.08,64316931.0,1827236841.0000002,0.03519901173008365
2022-06-30,14.09,14.55,14.08,14.37,73133617.0,1827360891.9999998,0.04002144147889535
2022-07-01,14.4,14.4,14.0,14.12,45204582.0,1827360891.9999998,0.024737632395385643
2022-07-04,14.0,14.3,13.82,14.29,44332854.0,1827360891.9999998,0.024260590337729523
2022-07-05,14.28,14.33,13.6,13.81,66338597.0,1827360891.9999998,0.036302953231856734
2022-07-06,13.8,14.12,13.63,13.85,43071622.0,1827360891.9999998,0.02357039717144171
2022-07-07,13.72,13.8,13.44,13.53,37927311.0,1827360891.9999998,0.020755238423916102
2022-07-08,13.53,13.84,13.48,13.54,37418532.0,1827360891.9999998,0.0204768155889811
2022-07-11,13.43,13.47,13.18,13.23,32444700.0,1827360891.9999998,0.017754949305328574
2022-07-12,13.43,13.52,13.25,13.35,28514503.0,1827360891.9999998,0.015604198998037878
2022-07-13,13.41,13.8,13.34,13.5,40887915.0,1827360891.9999998,0.02237539129736394
2022-07-14,13.28,13.54,13.13,13.54,31872484.0,1827360891.9999998,0.017441811379205113
2022-07-15,13.69,13.99,13.56,13.61,60109868.0,1827360891.9999998,0.03289436053007093
2022-07-18,13.71,14.49,13.67,14.28,70749486.0,1827360891.9999998,0.038716756120662346
2022-07-19,14.26,14.42,14.17,14.35,60444811.0,1827360891.9999998,0.033077653825591455
2022-07-20,14.48,14.63,14.26,14.41,60717804.0,1827360891.9999998,0.033227045771755524
2022-07-21,14.48,15.1,14.35,14.96,121497757.0,1827360891.9999998,0.06648810179308577
2022-07-22,14.9,14.9,14.26,14.35,83123368.0,1827360891.9999998,0.04548820562150895
2022-07-25,14.3,14.75,14.18,14.22,43468758.0,1827360891.9999998,0.023787724794977174
2022-07-26,14.26,14.78,14.26,14.74,63080491.0,1827360891.9999998,0.03451999617380452
2022-07-27,14.7,14.99,14.6,14.92,55049456.0,1827360891.9999998,0.030125114442911043
2022-07-28,14.92,15.13,14.76,14.77,57455158.0,1827360891.9999998,0.031441604256462335
2022-07-29,14.92,15.38,14.66,14.89,65599068.0,1827360891.9999998,0.035898255395081534
2022-08-01,14.71,15.18,14.51,15.08,55570785.0,1827360891.9999998,0.030410405105681777
2022-08-02,14.85,14.86,14.13,14.44,69029166.0,1827360891.9999998,0.03777533288700807
2022-08-03,14.62,14.87,13.96,14.05,65789273.0,1827360891.9999998,0.03600234266149547
2022-08-04,14.18,14.36,13.97,14.35,41791961.0,1827360891.9999998,0.022870118969362297
2022-08-05,14.36,15.28,14.32,15.07,78770566.0,1827360891.9999998,0.04310619010445585
2022-08-08,15.0,15.11,14.87,14.99,40496596.0,1827360891.9999998,0.022161246953073133
2022-08-09,14.99,15.01,14.74,14.98,37127129.0,1827360891.9999998,0.020317349004533695
2022-08-10,14.92,15.08,14.68,14.8,39617731.0,1827360891.9999998,0.021680299262965733
2022-08-11,14.91,15.28,14.8,15.27,66263876.0,1827360891.9999998,0.03626206311522618
2022-08-12,15.32,16.28,15.07,15.94,105872373.0,1827360891.9999998,0.057937309189169194
2022-08-15,16.04,16.15,15.4,15.44,96015804.0,1827360891.9999998,0.05254342720168054
2022-08-16,15.48,15.49,15.04,15.2,61528379.0,1827360891.9999998,0.033670622628165565
2022-08-17,15.24,15.77,15.13,15.75,74859315.0,1827360891.9999998,0.04096580775462935
2022-08-18,15.48,15.48,14.96,15.13,76523776.0,1827360891.9999998,0.04187666286118594
2022-08-19,15.01,15.47,14.93,14.94,58974392.0,1827360891.9999998,0.03227298573488351
2022-08-22,14.88,15.22,14.52,15.16,44595109.0,1827360891.9999998,0.024404106050005148
2022-08-23,15.02,15.15,14.83,14.97,37115020.0,1827360891.9999998,0.020310722508337452
2022-08-24,14.97,15.65,14.96,15.0,85523901.0,1827360891.9999998,0.04680186676557157
2022-08-25,15.11,15.39,14.42,15.3,75459124.0,1827360891.9999998,0.0412940455989577
2022-08-26,15.18,15.68,15.05,15.48,67830503.0,1827360891.9999998,0.037119379809951634
2022-08-29,15.2,15.4,15.01,15.29,40017827.0,1827360891.9999998,0.021899246708843325
2022-08-30,15.21,15.64,15.16,15.33,42591899.0,1827360891.9999998,0.023307874862848934
2022-08-31,15.2,15.66,14.76,14.8,61505443.0,1827360891.9999998,0.03365807119396315
2022-09-01,14.76,14.92,14.5,14.53,41677119.0,1827360891.9999998,0.022807273145911237
2022-09-02,14.45,14.87,14.39,14.76,36104691.0,1827360891.9999998,0.019757832816748276
2022-09-05,14.75,14.75,14.0,14.19,54618822.0,1827360891.9999998,0.0298894554650456
2022-09-06,14.19,14.29,13.9,14.28,35122526.0,1827360891.9999998,0.019220355515849576
2022-09-07,14.18,14.18,13.95,14.04,31075545.0,1827360891.9999998,0.01700569665031444
2022-09-08,14.13,14.2,13.79,13.83,31873155.0,1827360891.9999998,0.01744217857541848
2022-09-09,13.82,14.06,13.67,14.04,24926000.0,1827360891.9999998,0.013640436385129776
2022-09-13,14.04,14.25,14.02,14.13,22824899.0,1827360891.9999998,0.012490635593617598
2022-09-14,13.82,14.16,13.8,14.08,18467868.0,1827360891.9999998,0.0101063058101169
2022-09-15,14.15,14.19,13.72,13.99,23254870.0,1827360891.9999998,0.012725931753167892
2022-09-16,13.93,14.14,13.66,13.68,22889370.0,1827360891.9999998,0.012525916528151245
2022-09-19,13.55,13.66,13.08,13.23,29567750.0,1827360891.9999998,0.016180575019113415
2022-09-20,13.33,13.41,13.17,13.25,16548768.0,1827360891.9999998,0.009056102750392012
2022-09-21,13.18,13.33,12.9,13.3,23621501.0,1827360891.9999998,0.012926565903545672
2022-09-22,13.19,13.33,13.07,13.08,14808084.0,1827360891.9999998,0.00810353557681369
2022-09-23,13.0,13.14,12.46,12.58,30999163.0,1827360891.9999998,0.016963897572565542
2022-09-26,12.45,12.78,12.38,12.56,20985762.0,1827360891.9999998,0.01148419126833322
2022-09-27,12.66,12.93,12.59,12.93,20633589.0,1827360891.9999998,0.011291469074517111
2022-09-28,12.85,12.87,12.63,12.63,14875564.0,1827360891.9999998,0.00814046314831608
2022-09-29,12.75,12.88,12.42,12.47,16468892.0,1827360891.9999998,0.009012391625594668
2022-09-30,12.47,12.59,12.39,12.42,14004549.0,1827360891.9999998,0.007663811270838997
2022-10-10,12.46,12.52,12.22,12.31,15734913.0,1827360891.9999998,0.008610730955710966
2022-10-11,12.3,12.34,11.81,12.24,22116768.0,1827360891.9999998,0.012103119912889109
2022-10-12,12.24,12.67,12.12,12.67,21272181.0,1827360891.9999998,0.01164093042218833
2022-10-13,11.98,12.49,11.75,12.31,41002199.0,1827360891.9999998,0.022437931762414015
2022-10-14,12.42,12.69,12.39,12.6,31232205.0,1827360891.9999998,0.017091426842246335
2022-10-17,12.5,12.84,12.47,12.77,24652347.0,1827360891.9999998,0.013490683262362389
2022-10-18,12.8,12.84,12.58,12.7,22562417.0,1827360891.9999998,0.012346995658479925
2022-10-19,12.62,12.74,12.48,12.53,17988690.0,1827360891.9999998,0.009844081745840495
2022-10-20,12.59,12.84,12.39,12.67,24171325.0,1827360891.9999998,0.013227450092545815
2022-10-21,12.68,12.71,12.21,12.27,28077095.0,1827360891.9999998,0.015364833034852978
2022-10-24,12.28,12.48,11.76,11.87,31428959.0,1827360891.9999998,0.01719909796559223
2022-10-25,11.8,11.88,11.35,11.46,30660729.0,1827360891.9999998,0.016778693871708404
2022-10-26,11.56,11.85,11.51,11.67,28284990.0,1827360891.9999998,0.015478600928710257
2022-10-27,11.72,11.95,11.7,11.76,29715307.0,1827360891.9999998,0.016261323710105975
2022-10-28,11.65,11.68,11.1,11.14,34599127.0,1827360891.9999998,0.018933932071913906
2022-10-31,11.05,11.47,11.0,11.39,24752215.0,1827360891.9999998,0.013545334754816457
2022-11-01,11.48,11.78,11.3,11.77,28787843.0,1827360891.9999998,0.015753780835537332
2022-11-02,12.1,12.21,11.9,12.0,48756413.0,1827360891.9999998,0.026681326722844196
2022-11-03,11.81,11.89,11.66,11.77,30577364.0,1827360891.9999998,0.016733073436049
2022-11-04,11.76,12.13,11.72,12.07,31052638.0,1827360891.9999998,0.01699316108599308
2022-11-07,12.01,12.34,11.95,12.24,32799742.0,1827360891.9999998,0.017949241522894538
2022-11-08,12.23,12.24,12.07,12.16,19791780.0,1827360891.9999998,0.010830799808973914
2022-11-09,12.11,12.25,12.05,12.05,16044787.0,1827360891.9999998,0.008780305559915639
2022-11-10,11.95,12.3,11.92,12.22,28935097.0,1827360891.9999998,0.015834363713634735
2022-11-11,12.49,12.58,12.22,12.28,41617607.0,1827360891.9999998,0.02277470596103794
2022-11-14,12.37,12.63,12.28,12.39,33166240.0,1827360891.9999998,0.018149802890714377
2022-11-15,12.37,12.6,12.25,12.6,30408391.0,1827360891.9999998,0.016640605111516202
2022-11-16,12.6,12.95,12.6,12.66,38550775.0,1827360891.9999998,0.02109642116604956
2022-11-17,13.56,13.93,12.85,13.93,169972304.0,1827360891.9999998,0.09301518093340044
2022-11-18,13.93,14.93,13.78,14.09,182887693.0,1827360891.9999998,0.10008296325080816
2022-11-21,13.9,14.17,13.45,13.59,87714731.0,1827360891.9999998,0.04800077061077873
2022-11-22,13.46,13.8,13.31,13.41,59307051.0,1827360891.9999998,0.03245502914046166
2022-11-23,13.51,13.94,13.13,13.82,77693086.0,1827360891.9999998,0.042516552882428664
2022-11-24,13.7,13.73,13.45,13.53,38235469.0,1827360891.9999998,0.020923873968952164
2022-11-25,13.44,13.99,13.44,13.88,55817818.0,1827360891.9999998,0.030545590772115532
2022-11-28,13.59,13.69,13.25,13.41,45622270.0,1827360891.9999998,0.024966206839453366
2022-11-29,13.35,13.68,13.27,13.56,46487748.0,1827360891.9999998,0.025439828664123566
2022-11-30,13.51,13.91,13.48,13.59,44084016.0,1827360891.9999998,0.024124416908009438
2022-12-01,13.86,13.97,13.67,13.73,46658298.0,1827360891.9999998,0.02553315998184337
2022-12-02,13.7,13.99,13.7,13.74,27828755.0,1827360891.9999998,0.015228932129297207
2022-12-05,13.86,13.9,13.66,13.84,35557183.0,1827360891.9999998,0.019458216029283396
2022-12-06,13.73,13.9,13.55,13.67,36589630.0,1827360891.9999998,0.020023209514981787
2022-12-07,13.61,13.84,13.53,13.67,28902282.0,1827360891.9999998,0.015816406122365456
2022-12-08,13.67,13.78,13.42,13.76,34821881.0,1827360891.9999998,0.019055831364481232
2022-12-09,13.7,13.74,13.42,13.58,31518384.0,1827360891.9999998,0.017248034659154785
2022-12-12,13.47,13.65,13.27,13.28,29684532.0,1827360891.9999998,0.0162444824828833
2022-12-13,13.28,14.61,13.2,13.87,69136216.0,1827360891.9999998,0.03783391463759093
2022-12-14,13.5,13.55,13.23,13.39,47349011.0,1827360891.9999998,0.025911143883668056
2022-12-15,13.26,13.39,12.96,13.05,41895240.0,1827360891.9999998,0.022926637088170762
2022-12-16,12.9,13.09,12.79,12.86,33357641.0,1827360891.9999998,0.018254544652912492
2022-12-19,12.9,12.99,12.57,12.65,25304229.0,1827360891.9999998,0.013847417393454868
2022-12-20,12.62,12.73,12.43,12.5,19050972.0,1827360891.9999998,0.010425402055720475
2022-12-21,12.52,12.65,12.45,12.55,14737542.0,1827360891.9999998,0.00806493236476684
2022-12-22,12.59,13.01,12.55,12.73,33838290.0,1827360891.9999998,0.018517573703224467
2022-12-23,12.53,12.99,12.51,12.82,23551449.0,1827360891.9999998,0.012888230837764915
2022-12-26,12.75,12.85,12.67,12.74,18502938.0,1827360891.9999998,0.010125497421447499
2022-12-27,12.78,12.8,12.47,12.63,22887838.0,1827360891.9999998,0.012525078160641736
2022-12-28,12.59,12.9,12.3,12.87,33898714.0,1827360891.9999998,0.01855063996849507
2022-12-29,13.03,13.08,12.56,12.56,49114473.0,1827360891.9999998,0.026877270502514403
2022-12-30,12.4,12.81,12.37,12.72,30799455.0,1827360891.9999998,0.01685460991030118
2023-01-03,12.73,12.95,12.61,12.92,29058123.0,1827360891.9999998,0.01590168812696688
2023-01-04,12.9,13.41,12.84,13.28,50503492.0,1827360891.9999998,0.02763739347881371
2023-01-05,13.25,13.89,13.21,13.47,62428039.0,1827360891.9999998,0.03416295011746372
2023-01-06,13.4,13.51,13.19,13.33,37677789.0,1827360891.9999998,0.020618690683898037
2023-01-09,13.29,13.73,13.29,13.51,33639937.0,1827360891.9999998,0.01840902754747145
2023-01-10,13.54,13.84,13.4,13.79,43042180.0,1827360891.9999998,0.023554285411510275
2023-01-11,13.78,13.87,13.46,13.46,30914360.0,1827360891.9999998,0.016917490209700736
2023-01-12,13.53,13.65,13.4,13.57,22018258.0,1827360891.9999998,0.01204921156865822
2023-01-13,13.57,13.75,13.51,13.73,23116975.0,1827360891.9999998,0.012650470468752924
2023-01-16,13.71,13.86,13.63,13.72,27529829.0,1827360891.9999998,0.01506534867880931
2023-01-17,13.72,13.78,13.58,13.69,18211813.0,1827360891.9999998,0.00996618296896331
2023-01-18,14.0,14.31,13.79,14.2,73488716.0,1827360891.9999998,0.04021576488898615
2023-01-19,14.08,14.4,14.02,14.36,42812175.0,1827360891.9999998,0.023428418101442004
2023-01-20,14.36,14.38,14.15,14.27,28974390.0,1827360891.9999998,0.015855866307989262
2023-01-30,14.38,14.5,13.98,14.0,47866164.0,1827360891.9999998,0.02619414928356692
2023-01-31,13.98,14.18,13.9,14.03,29927890.0,1827360891.9999998,0.016377657052321335
2023-02-01,14.03,14.15,13.85,14.15,36647771.0,1827360891.9999998,0.020055026437547294
2023-02-02,14.18,14.64,14.11,14.4,59842930.0,1827360891.9999998,0.03274828210562362
2023-02-03,14.33,14.65,14.22,14.47,39379396.0,1827360891.9999998,0.021549873466373826
2023-02-06,14.38,14.87,14.25,14.62,55791068.0,1827360891.9999998,0.03053095217493579
